index,date,high,low,open,close,adjust,volume
217,2015-01-05,13.0,12.9,12.9,12.9,8.06,66380
218,2015-01-06,13.3,12.8,12.8,13.2,8.25,403170
219,2015-01-07,13.6,13.1,13.2,13.6,8.5,830630
220,2015-01-08,13.8,13.4,13.6,13.6,8.5,798240
221,2015-01-09,14.5,13.6,13.6,14.5,9.06,3291280
222,2015-01-12,15.5,14.9,15.0,15.5,9.68,3509140
223,2015-01-13,16.5,15.6,15.6,16.4,10.25,4239540
224,2015-01-14,16.9,15.9,16.2,16.3,10.18,3626720
225,2015-01-15,16.9,16.3,16.3,16.4,10.25,3854730
226,2015-01-16,16.7,16.2,16.5,16.2,10.12,2253150
227,2015-01-19,16.8,16.2,16.5,16.4,10.25,3218140
228,2015-01-20,16.4,16.0,16.3,16.2,10.12,1468560
229,2015-01-21,16.3,15.7,16.2,15.7,9.81,1726690
230,2015-01-22,16.7,15.4,15.7,16.7,10.43,4915010
231,2015-01-23,17.7,17.1,17.2,17.4,10.87,5685560
232,2015-01-26,17.6,17.2,17.4,17.4,10.87,2805130
233,2015-01-27,18.0,17.1,17.3,17.4,10.87,6307270
234,2015-01-28,18.6,17.4,17.4,18.6,11.62,7664440
235,2015-01-29,18.8,17.9,18.5,18.2,11.37,4488270
236,2015-01-30,18.1,17.4,18.0,17.5,10.93,4223660
237,2015-02-02,17.7,17.2,17.4,17.2,10.75,2416500
238,2015-02-03,17.5,16.0,17.5,16.0,10.0,4755860
239,2015-02-04,15.9,15.1,15.7,15.7,9.81,4557400
240,2015-02-05,16.5,15.8,15.8,16.4,10.25,1889090
241,2015-02-06,17.4,16.3,16.5,17.4,10.87,2719610
242,2015-02-09,17.7,17.1,17.2,17.3,10.81,4560560
243,2015-02-10,18.1,17.6,17.8,17.9,11.18,3685400
244,2015-02-11,18.2,17.7,17.8,18.1,11.31,2092460
245,2015-02-12,18.2,17.5,17.8,17.8,11.12,2683000
246,2015-02-13,18.1,17.5,17.8,17.8,11.12,2237110
247,2015-02-24,18.6,18.0,18.1,18.5,11.56,2854540
248,2015-02-25,19.2,18.4,18.8,18.5,11.56,6844330
249,2015-02-26,19.0,18.5,18.5,18.9,11.81,2272350
250,2015-02-27,19.1,18.5,18.9,18.6,11.62,2218430
251,2015-03-02,18.7,18.3,18.4,18.5,11.56,2521900
252,2015-03-03,18.8,18.5,18.5,18.6,11.62,2232810
253,2015-03-04,18.7,18.3,18.6,18.6,11.62,3163180
254,2015-03-05,18.7,18.1,18.6,18.1,11.31,2812950
255,2015-03-06,18.7,17.9,18.0,18.5,11.56,3674670
256,2015-03-09,18.6,18.0,18.5,18.1,11.31,1781020
257,2015-03-10,18.4,18.0,18.0,18.3,11.43,1700740
258,2015-03-11,18.6,18.1,18.1,18.3,11.43,1830980
259,2015-03-12,18.5,18.3,18.3,18.4,11.5,1312200
260,2015-03-13,18.8,18.5,18.5,18.6,11.62,2433590
261,2015-03-16,18.6,18.3,18.5,18.3,11.43,1545610
262,2015-03-17,18.5,18.2,18.3,18.3,11.43,1330420
263,2015-03-18,18.3,17.9,18.2,18.0,11.25,2495840
264,2015-03-19,18.2,17.6,18.2,17.7,11.06,1960330
265,2015-03-20,18.0,17.6,18.1,17.9,11.18,1263340
266,2015-03-23,18.1,17.2,17.6,17.3,10.81,1769900
267,2015-03-24,17.2,16.7,17.1,17.2,10.75,2786500
268,2015-03-25,17.6,17.1,17.3,17.4,10.87,1102480
269,2015-03-26,18.0,17.2,17.2,17.8,11.12,2105980
270,2015-03-27,18.0,17.6,17.9,17.7,11.06,1477530
271,2015-03-30,17.8,17.3,17.7,17.3,10.81,1583880
272,2015-03-31,17.8,17.1,17.1,17.6,11.0,1169760
273,2015-04-01,17.7,17.3,17.6,17.3,10.81,1268780
274,2015-04-02,17.9,17.3,17.5,17.9,11.18,1271640
275,2015-04-03,18.0,17.7,17.9,17.8,11.12,1450020
276,2015-04-06,17.9,17.7,17.8,17.8,11.12,569590
277,2015-04-07,18.4,17.7,17.7,18.4,11.5,2636680
278,2015-04-08,18.6,18.3,18.4,18.5,11.56,910500
279,2015-04-09,18.9,18.4,18.4,18.9,11.81,2454430
280,2015-04-10,19.3,18.8,18.8,19.0,11.87,3852170
281,2015-04-13,19.2,18.7,19.0,19.0,11.87,1486590
282,2015-04-14,19.4,18.9,19.0,19.0,11.87,5097900
283,2015-04-15,19.1,18.8,18.8,19.0,11.87,2069480
284,2015-04-16,19.7,19.0,19.0,19.6,12.25,4920810
285,2015-04-17,19.8,19.3,19.6,19.3,12.06,2686790
286,2015-04-20,19.3,19.0,19.2,19.1,11.93,1304590
287,2015-04-21,19.3,18.8,19.0,18.8,11.75,2204810
288,2015-04-22,19.0,18.4,18.8,18.6,11.62,2705440
289,2015-04-23,18.8,18.4,18.7,18.6,11.62,1127420
290,2015-04-24,19.0,18.7,18.7,19.0,11.87,684920
291,2015-04-27,19.2,18.8,19.0,18.8,11.75,950380
292,2015-05-04,18.8,17.5,18.8,17.5,10.93,1881900
293,2015-05-05,18.1,17.1,17.7,18.0,11.25,1981420
294,2015-05-06,18.2,17.6,18.0,17.8,11.12,761530
295,2015-05-07,18.5,17.6,17.6,18.4,11.5,771260
296,2015-05-08,18.0,17.5,17.8,17.9,11.84,1376640
297,2015-05-11,18.0,17.7,17.9,17.7,11.71,465380
298,2015-05-12,17.8,17.1,17.7,17.5,11.57,1428100
299,2015-05-13,17.6,17.0,17.5,17.3,11.44,1621480
300,2015-05-14,17.7,17.1,17.3,17.5,11.57,804260
301,2015-05-15,17.7,17.3,17.6,17.3,11.44,1013200
302,2015-05-18,17.4,17.0,17.3,17.1,11.31,677080
303,2015-05-19,17.4,17.1,17.3,17.3,11.44,481540
304,2015-05-20,17.9,17.3,17.3,17.8,11.77,1103900
305,2015-05-21,18.1,17.8,17.9,17.8,11.77,984730
306,2015-05-22,18.4,17.8,17.8,18.3,12.1,1889170
307,2015-05-25,18.7,18.2,18.2,18.6,12.3,1170460
308,2015-05-26,19.3,18.5,18.6,19.2,12.7,2855890
309,2015-05-27,19.9,19.0,19.1,19.5,12.9,2260150
310,2015-05-28,20.7,19.4,19.6,20.3,13.43,3016040
311,2015-05-29,20.7,20.0,20.2,20.2,13.36,2213330
312,2015-06-01,21.6,19.9,20.2,20.9,13.82,2520640
313,2015-06-02,21.9,20.5,20.9,20.6,13.62,3699620
314,2015-06-03,21.2,20.2,20.7,20.6,13.62,1709380
315,2015-06-04,21.1,20.4,20.6,20.6,13.62,2761430
316,2015-06-05,21.9,20.5,20.5,21.8,14.42,2937100
317,2015-06-08,22.6,21.8,22.3,21.8,14.42,2974130
318,2015-06-09,22.0,21.0,21.8,21.2,14.02,3117630
319,2015-06-10,21.3,20.6,21.2,21.2,14.02,2616750
320,2015-06-11,21.7,21.0,21.4,21.4,14.15,1522590
321,2015-06-12,21.6,21.1,21.4,21.2,14.02,1291230
322,2015-06-15,22.0,21.2,21.3,22.0,14.55,2040050
323,2015-06-16,22.4,21.5,22.2,21.5,14.22,1682910
324,2015-06-17,21.7,21.1,21.2,21.5,14.22,1396270
325,2015-06-18,21.7,21.3,21.5,21.3,14.09,697040
326,2015-06-19,22.2,21.5,21.6,21.8,14.42,1947610
327,2015-06-22,22.5,21.8,21.8,22.5,14.88,3260090
328,2015-06-23,22.8,22.3,22.5,22.7,15.01,1958010
329,2015-06-24,22.7,22.4,22.6,22.6,14.95,1836700
330,2015-06-25,22.8,22.1,22.5,22.7,15.01,1806650
331,2015-06-26,22.7,21.5,22.7,21.5,14.22,2965660
332,2015-06-29,22.3,21.2,21.3,22.2,14.68,2151360
333,2015-06-30,22.7,22.0,22.0,22.1,14.62,2042130
334,2015-07-01,22.3,21.7,22.2,21.9,14.48,1437650
335,2015-07-02,23.4,21.8,21.8,23.4,15.48,4039430
336,2015-07-03,25.0,23.5,24.0,24.6,16.27,2702600
337,2015-07-06,25.6,24.7,24.9,25.3,16.73,2877760
338,2015-07-07,27.0,24.7,25.3,26.7,17.66,3130440
339,2015-07-08,27.4,25.1,26.3,25.9,17.13,4433040
340,2015-07-09,26.2,25.1,25.2,25.3,16.73,6020132
341,2015-07-10,25.9,25.3,25.7,25.7,17.0,3914560
342,2015-07-13,26.2,25.2,25.7,25.8,17.06,2417630
343,2015-07-14,26.9,25.5,25.7,26.4,17.46,3092980
344,2015-07-15,26.9,25.8,26.5,26.0,17.2,2917830
345,2015-07-16,26.0,25.3,25.8,25.8,17.06,1999870
346,2015-07-17,25.8,25.4,25.7,25.4,16.8,1601570
347,2015-07-20,25.3,24.5,25.0,25.0,16.54,2687400
348,2015-07-21,25.4,24.8,25.0,25.0,16.54,2000630
349,2015-07-22,26.4,24.8,24.8,26.4,17.46,1888170
350,2015-07-23,26.8,25.9,26.5,25.9,17.13,3037270
351,2015-07-24,26.1,25.6,25.9,25.7,17.0,1457980
352,2015-07-27,26.5,25.6,25.6,26.3,17.39,1747310
353,2015-07-28,26.7,26.0,26.3,26.0,17.2,1836300
354,2015-07-29,26.4,25.7,26.2,25.8,17.06,1850030
355,2015-07-30,26.1,25.6,25.8,25.9,17.13,1024140
356,2015-07-31,26.4,25.5,26.2,25.5,16.87,1560060
357,2015-08-03,25.3,24.3,25.3,24.9,16.47,3550470
358,2015-08-04,25.0,23.6,24.9,23.7,15.68,3000080
359,2015-08-05,24.3,23.8,24.1,24.1,15.94,1689600
360,2015-08-06,24.3,23.1,24.2,23.4,15.48,2485570
361,2015-08-07,23.6,23.0,23.4,23.4,15.48,1370750
362,2015-08-10,23.9,23.3,23.4,23.9,15.81,741270
363,2015-08-11,25.1,23.9,24.0,24.5,16.2,2912710
364,2015-08-12,24.4,23.8,24.2,23.9,15.81,1738480
365,2015-08-13,23.9,23.0,23.9,23.0,15.21,2592400
366,2015-08-14,22.8,21.9,22.1,22.4,15.51,1208870
367,2015-08-17,22.4,20.9,22.3,21.0,14.54,2910110
368,2015-08-18,22.0,20.6,20.8,22.0,15.23,2133850
369,2015-08-19,22.5,21.1,21.1,22.0,15.23,1307770
370,2015-08-20,22.1,21.2,21.5,21.4,14.82,1230380
371,2015-08-21,21.4,20.0,20.8,21.2,14.68,2601620
372,2015-08-24,21.2,19.8,21.2,19.8,13.71,3940300
373,2015-08-25,20.6,19.0,19.0,20.4,14.12,2327500
374,2015-08-26,21.8,20.4,20.4,21.8,15.09,1858500
375,2015-08-27,22.7,22.1,22.3,22.6,15.65,2686570
376,2015-08-28,23.3,22.5,22.6,23.3,16.13,2490750
377,2015-08-31,23.4,22.8,23.3,23.2,16.06,1706340
378,2015-09-01,23.7,22.9,23.0,23.6,16.34,1832720
379,2015-09-03,23.6,22.9,23.6,23.3,16.13,1626640
380,2015-09-04,23.5,23.0,23.0,23.0,15.92,916910
381,2015-09-07,24.3,23.4,23.6,23.8,16.48,2195310
382,2015-09-08,25.4,23.8,23.8,25.4,17.59,4291870
383,2015-09-09,26.5,25.7,26.5,25.8,17.86,3089190
384,2015-09-10,25.9,25.2,25.3,25.4,17.59,1899900
385,2015-09-11,25.6,24.9,25.3,25.0,17.31,1972310
386,2015-09-14,26.7,26.7,26.7,26.7,18.49,1476100
387,2015-09-15,28.5,27.8,28.5,28.5,19.73,9105340
388,2015-09-16,26.6,26.6,26.6,26.6,18.42,130560
389,2015-09-17,24.8,24.8,24.8,24.8,17.17,277170
390,2015-09-18,24.8,23.1,23.1,24.5,16.96,6916750
391,2015-09-21,25.0,24.0,24.5,24.8,17.17,761850
392,2015-09-22,24.9,24.4,24.8,24.6,17.03,893470
393,2015-09-23,24.3,23.8,24.1,24.2,16.75,2461020
394,2015-09-24,24.5,23.9,24.3,23.9,16.55,1178880
395,2015-09-25,24.2,23.8,23.9,24.0,16.62,762190
396,2015-09-28,24.0,23.5,24.0,23.5,16.27,825810
397,2015-09-29,23.6,23.1,23.2,23.5,16.27,1366250
398,2015-09-30,23.9,23.5,23.5,23.7,16.41,600380
399,2015-10-01,23.9,23.5,23.6,23.5,16.27,321000
400,2015-10-02,23.5,23.2,23.5,23.2,16.06,577300
401,2015-10-05,23.7,23.3,23.4,23.6,16.34,499560
402,2015-10-06,24.7,24.0,24.0,24.6,17.03,1791950
403,2015-10-07,24.8,24.0,24.8,24.0,16.62,764870
404,2015-10-08,24.5,24.0,24.0,24.2,16.75,894920
405,2015-10-09,24.9,24.2,24.5,24.4,16.89,1805900
406,2015-10-12,24.9,24.2,24.2,24.5,16.96,1047720
407,2015-10-13,24.8,24.4,24.5,24.6,17.03,783600
408,2015-10-14,24.6,24.3,24.4,24.4,16.89,776170
409,2015-10-15,24.7,24.2,24.5,24.4,16.89,1312690
410,2015-10-16,24.7,24.3,24.5,24.5,16.96,1057440
411,2015-10-19,24.6,24.3,24.5,24.5,16.96,589810
412,2015-10-20,24.5,24.0,24.4,24.0,16.62,1131240
413,2015-10-21,24.3,23.8,24.0,24.0,16.62,749170
414,2015-10-22,24.4,23.8,24.0,24.1,16.69,312420
415,2015-10-23,24.7,24.3,24.5,24.6,17.03,1075700
416,2015-10-26,24.7,24.3,24.7,24.3,16.82,743780
417,2015-10-27,24.6,24.3,24.4,24.4,16.89,759540
418,2015-10-28,24.5,24.0,24.3,24.0,16.62,583210
419,2015-10-29,24.3,24.0,24.2,24.2,16.75,768800
420,2015-10-30,24.3,24.0,24.1,24.1,16.69,444740
421,2015-11-02,24.4,24.0,24.0,24.1,16.69,856570
422,2015-11-03,24.1,23.8,24.1,24.0,16.62,764240
423,2015-11-04,24.2,23.7,24.0,23.7,16.41,865690
424,2015-11-05,23.8,23.5,23.6,23.6,16.34,578350
425,2015-11-06,24.0,23.4,23.6,23.6,16.34,778470
426,2015-11-09,23.9,23.5,23.6,23.7,16.41,360310
427,2015-11-10,23.7,23.3,23.7,23.4,16.2,644920
428,2015-11-11,23.5,23.1,23.4,23.1,15.99,324280
429,2015-11-12,23.4,22.9,23.1,23.3,16.13,722320
430,2015-11-13,23.7,23.0,23.3,23.7,16.41,577460
431,2015-11-16,23.7,23.3,23.6,23.5,16.27,243700
432,2015-11-17,23.6,23.3,23.6,23.4,16.2,487770
433,2015-11-18,23.5,23.3,23.4,23.4,16.2,376510
434,2015-11-19,23.6,23.3,23.5,23.4,16.2,300220
435,2015-11-20,23.5,23.2,23.4,23.5,16.27,796570
436,2015-11-23,23.5,23.2,23.3,23.2,16.06,483040
437,2015-11-24,23.2,22.8,23.1,22.9,15.85,651180
438,2015-11-25,23.0,22.4,22.7,22.6,15.65,449700
439,2015-11-26,22.0,21.4,21.4,21.6,14.95,2465300
440,2015-11-27,21.7,21.2,21.7,21.3,14.75,1109890
441,2015-11-30,21.0,20.1,21.0,20.4,14.12,1245420
442,2015-12-01,20.8,20.2,20.3,20.7,14.33,798460
443,2015-12-02,21.7,20.8,20.8,21.2,14.68,1587120
444,2015-12-03,21.4,21.2,21.4,21.3,14.75,903160
445,2015-12-04,21.2,20.8,21.1,20.8,14.4,580460
446,2015-12-07,20.8,20.4,20.5,20.5,14.19,1199787
447,2015-12-08,21.0,20.2,20.3,21.0,14.54,859320
448,2015-12-09,21.2,20.6,21.2,20.6,14.26,317220
449,2015-12-10,20.6,20.2,20.3,20.3,14.05,803510
450,2015-12-11,20.4,20.1,20.2,20.1,13.92,938690
451,2015-12-14,20.4,19.9,20.0,20.0,13.85,479600
452,2015-12-15,20.3,19.8,20.0,20.0,13.85,1710810
453,2015-12-16,20.8,20.0,20.0,20.6,14.26,6453910
454,2015-12-17,21.8,21.2,21.8,21.5,14.89,2094973
455,2015-12-18,21.5,21.1,21.1,21.3,14.75,1337640
456,2015-12-21,21.0,20.6,20.9,20.7,14.33,2331130
457,2015-12-22,21.3,20.6,20.7,20.9,14.47,1502220
458,2015-12-23,21.2,20.7,20.9,20.7,14.33,700920
459,2015-12-24,20.9,20.5,20.9,20.5,14.19,703710
460,2015-12-25,20.8,20.4,20.5,20.4,14.12,1249440
461,2015-12-28,20.5,20.0,20.4,20.2,13.99,1607150
462,2015-12-29,20.7,20.1,20.3,20.7,14.33,1500595
463,2015-12-30,21.1,20.7,20.8,20.8,14.4,1312400
464,2015-12-31,20.9,20.5,20.7,20.6,14.26,1118490
465,2016-01-04,20.8,20.2,20.2,20.2,13.99,1019270
466,2016-01-05,20.4,20.0,20.2,20.1,13.92,1144280
467,2016-01-06,20.3,20.0,20.0,20.2,13.99,1013200
468,2016-01-07,20.2,19.0,20.1,19.3,13.36,2583350
469,2016-01-08,19.3,18.3,19.3,18.8,13.02,1217770
470,2016-01-11,19.3,18.9,19.0,19.0,13.15,980550
471,2016-01-12,19.3,19.0,19.0,19.3,13.36,615630
472,2016-01-13,19.5,18.9,19.4,19.0,13.15,528540
473,2016-01-14,18.9,18.4,18.8,18.5,12.81,1223000
474,2016-01-15,18.8,17.8,18.5,17.8,12.32,1334000
475,2016-01-18,17.4,16.6,17.4,16.6,11.49,3664530
476,2016-01-19,17.2,16.6,16.6,17.1,11.84,1606710
477,2016-01-20,17.1,16.8,17.1,16.9,11.7,760120
478,2016-01-21,16.9,15.8,16.8,15.8,10.94,2999730
479,2016-01-22,15.9,14.7,15.8,15.0,10.39,5376560
480,2016-01-25,16.0,15.5,15.6,16.0,11.08,1964520
481,2016-01-26,16.8,15.5,16.3,16.5,11.42,2678070
482,2016-01-27,17.3,16.4,16.5,17.2,11.91,2314620
483,2016-01-28,17.5,16.5,17.5,16.5,11.42,1853090
484,2016-01-29,16.9,16.4,16.5,16.8,11.63,1764470
485,2016-02-01,16.9,16.3,16.5,16.3,11.29,1626710
486,2016-02-02,16.8,16.0,16.3,16.2,11.22,824540
487,2016-02-03,16.4,16.0,16.1,16.4,11.35,718690
488,2016-02-04,16.6,16.2,16.5,16.2,11.22,1099370
489,2016-02-05,16.4,16.1,16.2,16.4,11.35,490750
490,2016-02-15,16.5,16.1,16.3,16.4,11.35,452890
491,2016-02-16,16.5,16.2,16.5,16.3,11.29,781240
492,2016-02-17,16.3,16.0,16.3,16.0,11.08,1511740
493,2016-02-18,16.4,16.1,16.2,16.1,11.15,1277910
494,2016-02-19,16.7,16.1,16.2,16.5,11.42,1647780
495,2016-02-22,17.2,16.6,16.7,17.2,11.91,2247920
496,2016-02-23,17.4,16.9,17.3,17.0,11.77,1871900
497,2016-02-24,18.1,16.8,16.9,18.1,12.53,5780650
498,2016-02-25,19.0,18.1,18.6,18.3,12.67,3364500
499,2016-02-26,18.7,18.2,18.5,18.4,12.74,1813600
500,2016-02-29,18.3,17.7,18.2,17.7,12.25,2484180
501,2016-03-01,18.1,17.7,17.7,17.7,12.25,2117845
502,2016-03-02,18.3,17.9,18.0,18.3,12.67,1811300
503,2016-03-03,18.4,18.0,18.2,18.2,12.6,1644450
504,2016-03-04,18.3,18.1,18.2,18.1,12.53,1180200
505,2016-03-07,18.2,17.9,18.2,17.9,12.39,1713710
506,2016-03-08,18.0,17.7,17.9,17.8,12.32,1485440
507,2016-03-09,17.9,17.3,17.8,17.4,12.05,1236990
508,2016-03-10,17.7,17.4,17.6,17.7,12.25,951910
509,2016-03-11,18.0,17.7,17.9,17.7,12.25,1299460
510,2016-03-14,17.9,17.6,17.8,17.7,12.25,968310
511,2016-03-15,17.7,17.4,17.7,17.5,12.12,1208710
512,2016-03-16,17.8,17.4,17.5,17.7,12.25,1398670
513,2016-03-17,17.9,17.7,17.7,17.7,12.25,970590
514,2016-03-18,17.7,17.3,17.7,17.6,12.19,954300
515,2016-03-21,17.9,17.6,17.7,17.6,12.19,1464080
516,2016-03-22,17.6,17.3,17.6,17.3,11.98,1313850
517,2016-03-23,17.6,17.3,17.3,17.6,12.19,994300
518,2016-03-24,17.5,17.2,17.5,17.2,11.91,943010
519,2016-03-25,17.3,16.9,17.2,17.3,11.98,1473220
520,2016-03-28,17.4,17.1,17.4,17.2,11.91,580320
521,2016-03-29,17.2,16.9,17.0,16.9,11.7,797840
522,2016-03-30,17.0,16.7,16.9,16.9,11.7,824140
523,2016-03-31,17.2,16.7,17.1,16.7,11.56,1219430
524,2016-04-01,17.0,16.6,16.8,16.6,11.49,1187420
525,2016-04-04,17.0,16.5,16.6,16.5,11.42,911490
526,2016-04-05,16.7,16.5,16.5,16.6,11.49,437370
527,2016-04-06,16.9,16.6,16.6,16.9,11.7,1197530
528,2016-04-07,17.0,16.8,17.0,16.9,11.7,452990
529,2016-04-08,16.9,16.8,16.9,16.8,11.63,259830
530,2016-04-11,16.9,16.5,16.8,16.7,11.56,1312000
531,2016-04-12,16.6,16.1,16.5,16.2,11.22,1533930
532,2016-04-13,16.1,15.5,15.8,15.8,10.94,2085010
533,2016-04-14,16.3,15.7,15.8,15.9,11.01,1642570
534,2016-04-15,16.2,15.9,16.2,16.0,11.08,701360
535,2016-04-19,15.9,15.6,15.9,15.6,10.8,1099770
536,2016-04-20,15.9,15.6,15.7,15.7,10.87,1067790
537,2016-04-21,15.9,15.6,15.8,15.9,11.01,854710
538,2016-04-22,17.0,15.7,15.8,17.0,11.77,2817020
539,2016-04-25,18.0,17.5,17.5,17.5,12.12,4105540
540,2016-04-26,17.5,17.1,17.5,17.3,11.98,956530
541,2016-04-27,17.4,16.8,17.4,17.0,11.77,1222870
542,2016-04-28,17.1,16.5,17.0,16.5,11.42,1076580
543,2016-04-29,17.5,16.5,16.5,17.5,12.12,3038650
544,2016-05-04,17.7,17.0,17.3,17.3,11.98,1426100
545,2016-05-05,18.0,17.2,17.2,17.7,12.25,3034260
546,2016-05-06,18.4,17.7,17.7,18.1,12.53,4363520
547,2016-05-09,18.4,17.7,18.2,17.8,12.32,2115080
548,2016-05-10,18.5,17.5,17.7,18.3,12.67,3716070
549,2016-05-11,18.7,18.4,18.5,18.6,12.88,3329100
550,2016-05-12,18.7,18.4,18.7,18.7,12.95,2149990
551,2016-05-13,18.9,18.5,18.6,18.7,12.95,3104020
552,2016-05-16,18.8,18.5,18.6,18.6,12.88,1573350
553,2016-05-17,19.2,18.7,18.8,19.0,13.15,3209630
554,2016-05-18,19.3,18.9,19.0,19.0,13.15,1985700
555,2016-05-19,19.0,18.6,18.9,18.6,12.88,966170
556,2016-05-20,18.8,18.2,18.6,18.3,12.67,1977000
557,2016-05-23,18.4,17.9,18.3,17.9,12.39,1529710
558,2016-05-24,18.1,17.7,17.9,17.9,12.39,1644700
559,2016-05-25,18.2,17.9,18.0,17.9,12.39,938560
560,2016-05-26,17.9,17.4,17.8,17.5,12.12,1602380
561,2016-05-27,17.8,17.3,17.5,17.8,12.32,1466540
562,2016-05-30,18.2,17.7,17.8,18.1,12.53,661330
563,2016-05-31,18.4,18.1,18.2,18.2,12.6,1813280
564,2016-06-01,18.4,18.0,18.0,18.3,12.67,1032960
565,2016-06-02,18.5,18.2,18.3,18.5,12.81,834990
566,2016-06-03,18.6,18.3,18.5,18.3,12.67,1115540
567,2016-06-06,18.3,18.0,18.3,18.2,12.6,1083280
568,2016-06-07,18.3,18.0,18.3,18.1,12.53,1149500
569,2016-06-08,18.5,18.0,18.0,18.3,12.67,1699270
570,2016-06-09,18.9,18.2,18.3,18.8,13.02,2943510
571,2016-06-10,19.0,18.6,18.7,18.6,12.88,3935310
572,2016-06-13,18.6,18.2,18.5,18.3,12.67,886660
573,2016-06-14,18.3,18.0,18.1,18.1,12.53,1115200
574,2016-06-15,18.3,18.0,18.0,18.1,12.53,867900
575,2016-06-16,18.3,18.0,18.2,18.0,12.46,819390
576,2016-06-17,18.1,17.7,18.0,18.0,12.46,965090
577,2016-06-20,18.0,17.8,17.9,18.0,12.46,595980
578,2016-06-21,18.2,17.9,18.2,18.0,12.46,575810
579,2016-06-22,18.0,17.8,18.0,17.9,12.39,371290
580,2016-06-23,18.1,17.8,17.9,18.0,12.46,764500
581,2016-06-24,17.9,16.9,17.9,17.7,12.25,1936510
582,2016-06-27,17.5,17.1,17.3,17.5,12.12,799990
583,2016-06-28,17.5,17.2,17.5,17.5,12.12,351720
584,2016-06-29,17.8,17.4,17.5,17.6,12.19,1083530
585,2016-06-30,17.7,17.4,17.6,17.5,12.12,639570
586,2016-07-01,17.6,17.3,17.4,17.4,12.05,788490
587,2016-07-04,17.5,17.1,17.4,17.5,12.12,1555770
588,2016-07-05,18.2,17.4,17.5,18.0,12.46,2066340
589,2016-07-06,17.9,17.7,17.8,17.9,12.39,598240
590,2016-07-07,17.9,17.7,17.8,17.9,12.39,602090
591,2016-07-08,17.9,17.3,17.9,17.8,12.32,1266730
592,2016-07-11,18.1,17.5,17.8,17.8,12.32,2012310
593,2016-07-12,17.9,17.6,17.9,17.8,12.32,687640
594,2016-07-13,18.7,17.8,17.8,18.5,12.81,4327780
595,2016-07-14,19.1,18.6,18.6,18.6,12.88,4659410
596,2016-07-15,18.6,18.3,18.5,18.5,12.81,1123160
597,2016-07-18,18.7,18.1,18.3,18.6,12.88,2082080
598,2016-07-19,18.6,17.8,18.6,18.0,12.46,2858450
599,2016-07-20,18.1,17.7,18.0,17.7,12.25,1363320
600,2016-07-21,17.9,17.6,17.7,17.7,12.25,1705470
601,2016-07-22,17.7,17.3,17.6,17.7,12.25,2009510
602,2016-07-25,17.8,17.5,17.7,17.6,12.19,581260
603,2016-07-26,17.7,17.4,17.6,17.5,12.12,858490
604,2016-07-27,17.8,17.4,17.7,17.7,12.25,1091370
605,2016-07-28,17.8,17.5,17.6,17.6,12.19,501590
606,2016-07-29,17.6,17.4,17.5,17.6,12.19,805210
607,2016-08-01,17.8,17.4,17.8,17.6,12.19,707890
608,2016-08-02,17.5,17.0,17.5,17.1,11.84,1169700
609,2016-08-03,17.2,16.8,17.2,17.1,11.84,1317460
610,2016-08-04,17.2,16.9,17.1,16.9,11.7,1128240
611,2016-08-05,16.8,16.3,16.7,16.7,11.56,1690970
612,2016-08-08,16.6,16.2,16.5,16.6,11.49,1551990
613,2016-08-09,16.7,16.4,16.6,16.5,11.42,519900
614,2016-08-10,16.9,16.3,16.3,16.9,11.7,1148170
615,2016-08-11,17.3,16.7,16.9,17.3,11.98,1228890
616,2016-08-12,17.3,16.8,17.1,17.1,11.84,434800
617,2016-08-15,17.1,16.8,16.9,17.1,11.84,632830
618,2016-08-16,17.1,16.8,17.1,16.9,11.7,827940
619,2016-08-17,17.0,16.7,16.9,16.9,11.7,285200
620,2016-08-18,16.8,16.5,16.8,16.7,11.56,1343540
621,2016-08-19,16.7,16.3,16.7,16.6,11.49,2029450
622,2016-08-22,16.6,16.4,16.4,16.5,11.42,1257980
623,2016-08-23,16.5,16.3,16.4,16.5,11.42,903350
624,2016-08-24,16.5,16.2,16.5,16.3,11.29,1612330
625,2016-08-25,16.4,16.1,16.3,16.3,11.29,703200
626,2016-08-26,16.7,16.3,16.4,16.4,11.35,1297270
627,2016-08-29,16.6,16.4,16.5,16.5,11.42,1091630
628,2016-08-30,16.5,16.3,16.4,16.5,11.42,466210
629,2016-08-31,16.5,16.3,16.4,16.4,11.35,734920
630,2016-09-01,16.4,16.1,16.4,16.4,11.35,900430
631,2016-09-05,16.4,15.9,16.3,16.4,11.35,1306300
632,2016-09-06,16.3,16.1,16.1,16.1,11.15,828750
633,2016-09-07,16.2,15.9,16.1,16.1,11.15,1329560
634,2016-09-08,16.3,16.0,16.3,16.3,11.29,541640
635,2016-09-09,16.3,16.2,16.2,16.3,11.29,447890
636,2016-09-12,16.45,16.1,16.4,16.3,11.29,815890
637,2016-09-13,16.3,16.1,16.2,16.2,11.22,477480
638,2016-09-14,16.1,15.9,16.0,15.9,11.01,652350
639,2016-09-15,16.0,15.75,15.9,15.9,11.01,916150
640,2016-09-16,15.9,15.6,15.9,15.85,10.97,1027380
641,2016-09-19,15.95,15.75,15.9,15.8,10.94,367810
642,2016-09-20,16.0,15.55,15.75,16.0,11.08,983190
643,2016-09-21,16.3,15.8,15.8,16.1,11.15,1140130
644,2016-09-22,16.3,16.0,16.1,16.05,11.11,502770
645,2016-09-23,16.05,15.85,16.05,16.05,11.11,753340
646,2016-09-26,16.05,15.8,16.05,15.95,11.04,990666
647,2016-09-27,16.8,15.8,15.8,16.8,11.63,4499140
648,2016-09-28,17.35,16.7,16.8,17.35,12.01,3589280
649,2016-09-29,17.3,16.75,17.3,17.0,11.77,1270170
650,2016-09-30,17.1,16.65,16.7,17.0,11.77,1672670
651,2016-10-03,17.1,16.75,17.0,17.0,11.77,1677100
652,2016-10-04,17.35,16.85,16.9,17.1,11.84,1684540
653,2016-10-05,17.45,17.0,17.1,17.3,11.98,1597280
654,2016-10-06,17.35,17.05,17.25,17.3,11.98,2478390
655,2016-10-07,17.3,16.95,17.2,17.0,11.77,905070
656,2016-10-10,17.1,16.7,16.95,16.75,11.6,778870
657,2016-10-11,16.8,16.4,16.75,16.8,11.63,1974890
658,2016-10-12,16.9,16.7,16.8,16.8,11.63,422240
659,2016-10-13,16.8,16.7,16.75,16.8,11.63,421910
660,2016-10-14,17.1,16.65,16.7,17.0,11.77,2349780
661,2016-10-17,17.15,16.9,16.9,17.1,11.84,897530
662,2016-10-18,17.1,16.75,17.1,17.0,11.77,351130
663,2016-10-19,17.7,16.85,16.85,17.7,12.25,6237570
664,2016-10-20,17.8,17.5,17.8,17.6,12.19,2281060
665,2016-10-21,17.7,17.4,17.4,17.6,12.19,929330
666,2016-10-24,17.9,17.6,17.8,17.65,12.22,3458020
667,2016-10-25,17.65,17.2,17.65,17.45,12.08,2232770
668,2016-10-26,17.5,17.0,17.3,17.25,11.94,1630860
669,2016-10-27,17.15,16.7,17.1,16.7,11.56,2307600
670,2016-10-28,17.2,16.75,16.8,17.1,11.84,1926490
671,2016-10-31,17.2,16.7,16.7,16.7,11.56,1090960
672,2016-11-01,17.0,16.65,16.7,17.0,11.77,1407290
673,2016-11-02,17.0,16.7,17.0,16.85,11.67,1422400
674,2016-11-03,16.2,15.85,16.2,16.1,11.74,1917430
675,2016-11-04,16.2,15.8,15.9,16.2,11.81,1590540
676,2016-11-07,16.2,15.8,15.95,15.8,11.52,1317852
677,2016-11-08,16.0,15.75,15.8,15.75,11.48,650940
678,2016-11-09,15.8,14.8,15.8,15.8,11.52,1444880
679,2016-11-10,15.9,15.7,15.9,15.8,11.52,1048200
680,2016-11-11,15.85,15.55,15.7,15.7,11.45,760860
681,2016-11-14,15.75,15.3,15.75,15.35,11.19,1117210
682,2016-11-15,15.5,15.3,15.35,15.35,11.19,963440
683,2016-11-16,15.5,15.35,15.35,15.45,11.26,654170
684,2016-11-17,15.45,15.3,15.45,15.3,11.16,780780
685,2016-11-18,15.35,15.2,15.35,15.3,11.16,857340
686,2016-11-21,15.7,15.4,15.4,15.5,11.3,2277790
687,2016-11-22,16.1,15.5,15.5,16.1,11.74,2005030
688,2016-11-23,16.35,16.1,16.2,16.1,11.74,3341530
689,2016-11-24,16.1,15.7,16.1,16.0,11.67,817020
690,2016-11-25,16.0,15.7,16.0,15.9,11.59,840410
691,2016-11-28,15.8,15.55,15.8,15.7,11.45,1938540
692,2016-11-29,15.75,15.2,15.7,15.2,11.08,1736360
693,2016-11-30,15.45,15.15,15.4,15.3,11.16,2531910
694,2016-12-01,15.4,15.25,15.4,15.4,11.23,3131880
695,2016-12-02,15.4,15.2,15.35,15.3,11.16,1335510
696,2016-12-05,15.3,15.0,15.3,15.2,11.08,1640570
697,2016-12-06,15.1,14.5,15.05,14.75,10.75,2279090
698,2016-12-07,14.85,14.65,14.75,14.75,10.75,2084350
699,2016-12-08,14.85,14.65,14.75,14.8,10.79,1923610
700,2016-12-09,14.9,14.65,14.8,14.75,10.75,772520
701,2016-12-12,14.75,14.45,14.6,14.6,10.64,1565240
702,2016-12-13,14.5,14.0,14.5,14.3,10.43,2570130
703,2016-12-14,15.2,14.05,14.1,15.2,11.08,2380870
704,2016-12-15,15.0,14.5,14.8,15.0,10.94,2215870
705,2016-12-16,14.8,14.55,14.55,14.65,10.68,1663470
706,2016-12-19,15.0,14.65,14.65,14.75,10.75,1915200
707,2016-12-20,14.85,14.65,14.8,14.75,10.75,1298970
708,2016-12-21,14.9,14.55,14.75,14.9,10.86,1778310
709,2016-12-22,14.75,14.5,14.75,14.6,10.64,1067740
710,2016-12-23,14.6,14.35,14.6,14.6,10.64,2125280
711,2016-12-26,14.75,14.55,14.6,14.6,10.64,1127830
712,2016-12-27,14.6,14.35,14.6,14.5,10.57,1463890
713,2016-12-28,14.55,14.3,14.55,14.45,10.54,1944390
714,2016-12-29,14.45,14.2,14.4,14.3,10.43,1707820
715,2016-12-30,14.4,14.2,14.25,14.2,10.35,1439980
716,2017-01-03,15.15,14.35,14.35,15.15,11.05,5114000
717,2017-01-04,15.7,15.3,15.3,15.45,11.26,5026470
718,2017-01-05,15.7,15.2,15.35,15.4,11.23,1988580
719,2017-01-06,16.05,15.2,15.2,15.75,11.48,6498280
720,2017-01-09,16.4,15.8,15.8,16.2,11.81,6160700
721,2017-01-10,16.2,15.95,16.1,16.1,11.74,2471780
722,2017-01-11,16.6,16.05,16.2,16.6,12.1,7592910
723,2017-01-12,16.6,16.4,16.6,16.5,12.03,3541500
724,2017-01-13,16.55,16.15,16.5,16.25,11.85,3414240
725,2017-01-16,16.3,15.8,16.25,15.8,11.52,2739610
726,2017-01-17,16.85,15.95,16.1,16.8,12.25,6783420
727,2017-01-18,17.3,16.45,16.8,16.45,11.99,5908490
728,2017-01-19,16.65,16.3,16.35,16.45,11.99,1997400
729,2017-01-20,16.9,16.4,16.5,16.65,12.14,3621890
730,2017-01-23,17.0,16.6,16.7,16.85,12.29,3474290
731,2017-01-24,17.15,16.85,16.85,17.0,12.39,3230040
732,2017-01-25,17.0,16.5,17.0,16.9,12.32,2424360
733,2017-02-02,17.2,16.65,16.9,17.2,12.54,3033030
734,2017-02-03,17.55,17.05,17.2,17.2,12.54,4057580
735,2017-02-06,17.4,17.0,17.2,17.2,12.54,2896390
736,2017-02-07,17.35,16.95,17.05,17.1,12.47,3550940
737,2017-02-08,17.2,16.85,17.1,17.0,12.39,3716420
738,2017-02-09,17.15,16.85,17.0,16.85,12.29,3894230
739,2017-02-10,17.15,16.8,16.85,17.1,12.47,3882460
740,2017-02-13,17.15,16.85,17.1,16.85,12.29,2356920
741,2017-02-14,17.05,16.85,16.9,17.0,12.39,3452520
742,2017-02-15,17.4,16.85,16.95,17.35,12.65,3866520
743,2017-02-16,17.45,17.0,17.25,17.0,12.39,4246670
744,2017-02-17,17.05,16.75,16.9,16.9,12.32,2365410
745,2017-02-20,16.85,16.5,16.8,16.6,12.1,4319650
746,2017-02-21,16.85,16.65,16.65,16.7,12.18,3486220
747,2017-02-22,16.8,16.5,16.75,16.6,12.1,2027200
748,2017-02-23,16.7,16.35,16.6,16.65,12.14,1917960
749,2017-02-24,16.8,16.5,16.5,16.65,12.14,2717550
750,2017-02-27,16.7,16.45,16.7,16.7,12.18,1299320
751,2017-02-28,16.7,16.4,16.65,16.45,11.99,1374710
752,2017-03-01,16.45,16.1,16.45,16.3,11.88,2971500
753,2017-03-02,16.5,16.05,16.4,16.05,11.7,2357980
754,2017-03-03,16.4,15.8,16.1,16.4,11.96,3291400
755,2017-03-06,16.7,16.4,16.6,16.6,12.1,2663090
756,2017-03-07,16.6,16.4,16.6,16.5,12.03,1229860
757,2017-03-08,16.75,16.3,16.4,16.6,12.1,2091720
758,2017-03-09,16.95,16.55,16.6,16.8,12.25,4635690
759,2017-03-10,16.9,16.55,16.55,16.55,12.07,2210220
760,2017-03-13,16.55,16.3,16.5,16.5,12.03,1377930
761,2017-03-14,16.5,16.3,16.35,16.4,11.96,2190590
762,2017-03-15,16.45,16.25,16.3,16.45,11.99,1177930
763,2017-03-16,16.55,16.25,16.45,16.35,11.92,1860750
764,2017-03-17,16.75,16.3,16.35,16.7,12.18,4646040
765,2017-03-20,16.8,16.45,16.7,16.75,12.21,3017280
766,2017-03-21,17.4,16.8,16.8,17.4,12.69,10006770
767,2017-03-22,17.65,17.3,17.4,17.4,12.69,9321930
768,2017-03-23,17.65,17.2,17.4,17.45,12.72,3455890
769,2017-03-24,17.9,17.4,17.65,17.9,13.05,8242990
770,2017-03-27,18.15,17.65,18.0,17.75,12.94,7212840
771,2017-03-28,17.8,17.4,17.6,17.4,12.69,3229920
772,2017-03-29,17.45,17.1,17.45,17.4,12.69,4029300
773,2017-03-30,17.85,17.35,17.4,17.75,12.94,5467270
774,2017-03-31,17.75,17.4,17.75,17.55,12.8,2402720
775,2017-04-03,17.55,17.15,17.45,17.15,12.5,3046160
776,2017-04-04,17.45,17.05,17.3,17.2,12.54,3160690
777,2017-04-05,17.35,17.1,17.2,17.15,12.5,3384600
778,2017-04-07,17.25,16.8,17.1,17.1,12.47,4065580
779,2017-04-10,17.25,17.0,17.2,17.0,12.39,3210070
780,2017-04-11,17.05,16.75,17.0,17.0,12.39,3274570
781,2017-04-12,17.2,16.8,17.0,17.0,12.39,3272610
782,2017-04-13,17.1,16.8,16.9,16.9,12.32,4127550
783,2017-04-14,17.05,16.45,16.7,17.05,12.43,4089000
784,2017-04-17,17.05,16.4,17.0,16.4,11.96,2710550
785,2017-04-18,16.5,16.2,16.4,16.5,12.03,3394390
786,2017-04-19,16.5,16.3,16.5,16.3,11.88,2200740
787,2017-04-20,16.9,16.15,16.3,16.6,12.1,3276820
788,2017-04-21,16.9,16.5,16.75,16.55,12.07,2322130
789,2017-04-24,16.6,16.3,16.5,16.35,11.92,915040
790,2017-04-25,16.5,16.2,16.4,16.35,11.92,2081590
791,2017-04-26,16.75,16.15,16.3,16.5,12.03,3158360
792,2017-04-27,16.7,16.45,16.5,16.6,12.1,1305200
793,2017-04-28,16.7,16.3,16.3,16.6,12.1,4054470
794,2017-05-03,16.8,16.5,16.6,16.6,12.1,2301964
795,2017-05-04,17.05,16.45,16.6,16.8,12.25,3803070
796,2017-05-05,16.8,16.4,16.8,16.55,12.07,2658190
797,2017-05-08,16.65,16.3,16.65,16.5,12.03,2750130
798,2017-05-09,16.7,16.35,16.4,16.6,12.1,3605050
799,2017-05-10,17.3,16.6,16.6,17.1,12.47,6684060
800,2017-05-11,17.25,17.0,17.1,17.0,12.39,3438740
801,2017-05-12,17.3,16.9,17.0,16.95,12.36,3262780
802,2017-05-15,16.95,16.7,16.9,16.9,12.32,3194730
803,2017-05-16,17.05,16.7,17.0,16.9,12.32,3557650
804,2017-05-17,16.9,16.65,16.8,16.7,12.18,2430710
805,2017-05-18,17.05,16.65,16.7,16.8,12.25,3270310
806,2017-05-19,17.2,16.75,16.85,17.2,12.54,5937170
807,2017-05-22,18.4,17.4,17.4,18.4,13.42,15801040
808,2017-05-23,19.15,18.15,18.4,18.55,13.52,10107090
809,2017-05-24,19.35,18.3,18.45,19.25,14.04,9620910
810,2017-05-25,19.7,19.0,19.25,19.1,13.93,8562650
811,2017-05-26,19.5,19.0,19.0,19.5,14.22,6662620
812,2017-05-29,19.8,18.9,19.5,19.0,13.85,6835440
813,2017-05-30,19.2,18.35,18.9,18.35,13.38,7906710
814,2017-05-31,18.6,18.15,18.35,18.45,13.45,4665780
815,2017-06-01,18.65,18.3,18.5,18.3,13.34,3182440
816,2017-06-02,18.4,17.95,18.3,18.25,13.31,5040700
817,2017-06-05,18.8,18.4,18.5,18.7,13.63,3223120
818,2017-06-06,19.45,18.5,18.6,19.4,14.14,8881470
819,2017-06-07,19.75,19.3,19.5,19.4,14.14,6665550
820,2017-06-08,19.4,18.9,19.3,19.1,13.93,3776460
821,2017-06-09,19.25,18.8,19.1,18.85,13.74,4870540
822,2017-06-12,19.25,18.75,18.9,18.95,13.82,4724690
823,2017-06-13,19.7,18.9,19.0,19.5,14.22,4518920
824,2017-06-14,20.1,19.65,19.7,20.0,14.58,7438470
825,2017-06-15,20.1,19.65,20.1,19.8,14.44,6147220
826,2017-06-16,19.9,19.65,19.7,19.75,14.4,3816320
827,2017-06-19,20.05,19.8,20.0,20.0,14.58,4812540
828,2017-06-20,20.6,20.1,20.3,20.55,14.98,6748680
829,2017-06-21,20.6,19.85,20.4,20.3,14.8,7245070
830,2017-06-22,20.5,19.85,20.4,19.85,14.47,4700650
831,2017-06-23,19.9,19.6,19.7,19.9,14.51,4342480
832,2017-06-26,20.35,19.8,19.9,20.2,14.73,4129030
833,2017-06-27,20.35,19.9,20.2,19.9,14.51,4455780
834,2017-06-28,20.2,19.7,19.85,19.95,14.55,3584220
835,2017-06-29,20.6,20.15,20.15,20.3,14.8,5534500
836,2017-06-30,20.4,20.2,20.2,20.4,14.87,2718220
837,2017-07-03,20.95,20.4,20.4,20.7,15.09,5002190
838,2017-07-04,20.9,20.2,20.9,20.3,14.8,4248190
839,2017-07-05,20.45,20.2,20.35,20.4,14.87,3992250
840,2017-07-06,20.7,20.15,20.5,20.3,14.8,5082620
841,2017-07-07,20.6,20.15,20.3,20.2,14.73,4883780
842,2017-07-10,20.3,19.7,20.2,19.7,14.36,4300320
843,2017-07-11,19.75,19.05,19.7,19.7,14.36,2406080
844,2017-07-12,19.7,19.3,19.7,19.3,14.07,2218530
845,2017-07-13,19.65,19.25,19.3,19.55,14.25,1427810
846,2017-07-14,19.7,19.3,19.7,19.3,14.07,1615650
847,2017-07-17,19.5,18.85,19.45,18.9,13.78,2508150
848,2017-07-18,19.1,18.7,18.85,18.95,13.82,1988430
849,2017-07-19,19.25,19.0,19.15,19.05,13.89,1785650
850,2017-07-20,19.6,19.0,19.25,19.6,14.29,2885390
851,2017-07-21,19.8,19.25,19.7,19.25,14.04,2846690
852,2017-07-24,19.5,18.95,19.2,19.4,14.14,1521320
853,2017-07-25,20.5,19.4,19.4,20.5,14.95,4854620
854,2017-07-26,20.9,20.35,20.4,20.6,15.02,4938950
855,2017-07-27,20.85,20.4,20.6,20.7,15.09,3954610
856,2017-07-28,21.2,20.6,20.85,21.0,15.31,5408060
857,2017-07-31,22.35,21.1,21.1,22.2,16.19,6928350
858,2017-08-01,22.35,21.8,22.0,22.2,16.19,3554410
859,2017-08-02,22.95,21.65,21.85,22.45,16.37,6829100
860,2017-08-03,23.0,22.4,22.4,22.9,16.7,4458090
861,2017-08-04,22.9,22.4,22.9,22.4,16.33,2565930
862,2017-08-07,22.55,22.2,22.2,22.5,16.4,3240320
863,2017-08-08,22.7,22.4,22.6,22.6,16.48,3163240
864,2017-08-09,22.1,20.4,22.1,20.4,15.35,9682480
865,2017-08-10,20.8,19.4,20.2,20.3,15.27,4490650
866,2017-08-11,20.4,19.8,20.2,20.3,15.27,2439370
867,2017-08-14,20.8,20.0,20.3,20.8,15.65,1736920
868,2017-08-15,20.8,20.3,20.75,20.3,15.27,1784120
869,2017-08-16,20.4,19.8,20.3,20.0,15.05,2001570
870,2017-08-17,20.15,19.1,20.0,19.2,14.45,5639850
871,2017-08-18,20.0,18.8,19.0,19.75,14.86,2250620
872,2017-08-21,19.85,19.2,19.75,19.65,14.79,1027780
873,2017-08-22,19.6,19.15,19.6,19.15,14.41,1799420
874,2017-08-23,19.5,19.05,19.15,19.4,14.6,1180060
875,2017-08-24,19.9,19.4,19.45,19.8,14.9,2016560
876,2017-08-25,20.1,19.7,19.9,19.75,14.86,1774880
877,2017-08-28,19.9,19.55,19.75,19.65,14.79,1189610
878,2017-08-29,19.9,19.6,19.65,19.65,14.79,1636320
879,2017-08-30,19.7,19.35,19.7,19.35,14.56,1728800
880,2017-08-31,20.7,19.35,19.4,20.7,15.58,5421350
881,2017-09-01,21.6,20.75,21.1,21.05,15.84,3772890
882,2017-09-05,21.0,20.6,21.0,20.95,15.76,1769650
883,2017-09-06,20.9,20.45,20.7,20.6,15.5,2638220
884,2017-09-07,21.2,20.55,20.55,20.85,15.69,2388710
885,2017-09-08,20.85,20.35,20.85,20.35,15.31,2190240
886,2017-09-11,20.6,20.0,20.2,20.2,15.2,1595410
887,2017-09-12,20.7,20.05,20.1,20.5,15.42,1086660
888,2017-09-13,20.7,20.35,20.65,20.5,15.42,865900
889,2017-09-14,20.85,20.3,20.35,20.65,15.54,1630270
890,2017-09-15,20.65,20.35,20.65,20.4,15.35,761660
891,2017-09-18,20.7,20.35,20.4,20.5,15.42,1867500
892,2017-09-19,20.85,20.45,20.6,20.65,15.54,1771760
893,2017-09-20,20.65,20.4,20.65,20.5,15.42,1448690
894,2017-09-21,20.9,20.35,20.4,20.85,15.69,3542580
895,2017-09-22,20.9,20.6,20.7,20.6,15.5,1539180
896,2017-09-25,20.65,20.3,20.6,20.4,15.35,1296670
897,2017-09-26,20.6,20.35,20.4,20.4,15.35,1400280
898,2017-09-27,20.5,20.2,20.4,20.2,15.2,1270120
899,2017-09-28,20.4,19.65,20.2,19.65,14.79,2620840
900,2017-09-29,19.85,19.6,19.65,19.6,14.75,2047180
901,2017-10-02,20.0,19.6,19.6,19.7,14.82,1316100
902,2017-10-03,20.2,19.7,19.8,19.85,14.94,2747020
903,2017-10-04,20.2,19.85,19.9,20.05,15.09,1798560
904,2017-10-05,20.25,19.85,20.2,19.9,14.97,1329970
905,2017-10-06,20.2,19.8,19.85,19.95,15.01,2512220
906,2017-10-09,20.3,20.0,20.2,20.0,15.05,1931480
907,2017-10-10,20.2,19.95,20.0,20.0,15.05,786110
908,2017-10-11,20.45,20.05,20.1,20.3,15.27,2054250
909,2017-10-12,20.45,20.15,20.3,20.15,15.16,1237240
910,2017-10-13,20.25,20.05,20.1,20.2,15.2,720350
911,2017-10-16,20.45,20.2,20.2,20.35,15.31,1723790
912,2017-10-17,21.5,20.4,20.4,21.5,16.18,5851150
913,2017-10-18,21.7,21.3,21.5,21.4,16.1,3927330
914,2017-10-19,21.35,20.8,21.2,21.25,15.99,2221120
915,2017-10-20,21.45,21.1,21.1,21.4,16.1,2795090
916,2017-10-23,21.45,20.8,20.9,20.9,15.73,2104280
917,2017-10-24,20.9,20.6,20.65,20.75,15.61,1081780
918,2017-10-25,21.3,20.7,20.7,21.0,15.8,1419710
919,2017-10-26,21.2,20.3,20.9,20.7,15.58,1949360
920,2017-10-27,21.2,20.55,20.7,21.2,15.95,1525120
921,2017-10-30,22.3,21.2,21.2,21.85,16.44,5516030
922,2017-10-31,22.15,21.5,21.8,21.85,16.44,2910900
923,2017-11-01,22.45,21.85,21.85,22.4,16.85,2740230
924,2017-11-02,22.55,21.5,22.4,21.9,16.48,2240060
925,2017-11-03,22.4,21.5,21.8,22.4,16.85,2000100
926,2017-11-06,22.85,22.25,22.4,22.85,17.19,2248950
927,2017-11-07,23.05,22.6,22.7,22.85,17.19,4397470
928,2017-11-08,23.8,22.7,22.85,23.8,17.91,3642900
929,2017-11-09,23.9,23.4,23.8,23.5,17.68,2328420
930,2017-11-10,24.2,23.3,23.3,23.6,17.76,2655350
931,2017-11-13,23.95,23.6,23.65,23.95,18.02,1456000
932,2017-11-14,24.4,23.5,23.95,24.3,18.28,1976900
933,2017-11-15,24.4,24.0,24.2,24.2,18.21,1143070
934,2017-11-16,24.35,23.7,24.05,24.15,18.17,2383080
935,2017-11-17,24.3,23.5,24.2,24.05,18.1,2818270
936,2017-11-20,24.15,23.65,23.8,24.0,18.06,1514750
937,2017-11-21,24.5,24.0,24.0,24.05,18.1,2397310
938,2017-11-22,25.7,24.0,24.05,25.7,19.34,4341890
939,2017-11-23,26.5,25.3,26.0,25.3,19.04,2648530
940,2017-11-24,25.55,25.0,25.3,25.3,19.04,1762130
941,2017-11-27,25.55,25.1,25.3,25.2,18.96,1300640
942,2017-11-28,25.4,24.55,25.2,25.0,18.81,1735860
943,2017-11-29,25.6,24.9,24.9,25.6,19.26,1937160
944,2017-11-30,26.3,25.5,26.0,25.65,19.3,1539270
945,2017-12-01,25.65,25.4,25.6,25.5,19.19,1513000
946,2017-12-04,26.2,25.5,25.7,25.5,19.19,1103370
947,2017-12-05,25.7,24.9,25.7,24.9,18.74,2429510
948,2017-12-06,24.9,24.5,24.7,24.85,18.7,1916030
949,2017-12-07,25.15,24.55,25.0,25.0,18.81,692950
950,2017-12-08,25.2,24.65,25.05,25.0,18.81,853010
951,2017-12-11,24.8,23.9,23.9,24.0,18.06,1236890
952,2017-12-12,24.4,22.35,24.0,24.1,18.13,2619460
953,2017-12-13,24.2,23.65,24.1,23.9,17.98,2067220
954,2017-12-14,24.5,23.25,23.8,24.45,18.4,1472190
955,2017-12-15,24.45,23.85,24.2,24.3,18.28,642650
956,2017-12-18,24.5,24.2,24.3,24.35,18.32,1023650
957,2017-12-19,24.7,24.1,24.35,24.1,18.13,939300
958,2017-12-20,24.7,24.05,24.1,24.5,18.43,973610
959,2017-12-21,24.8,24.2,24.5,24.2,18.21,1312160
960,2017-12-22,24.2,23.5,23.9,23.85,17.95,1931970
961,2017-12-25,24.3,23.7,24.2,23.8,17.91,572480
962,2017-12-26,24.1,23.5,23.8,24.1,18.13,1009560
963,2017-12-27,24.65,24.05,24.25,24.4,18.36,1201510
964,2017-12-28,25.1,24.4,24.4,24.75,18.62,1382650
965,2017-12-29,25.5,24.75,25.05,25.5,19.19,2993290
966,2018-01-02,27.0,25.2,25.5,27.0,20.32,3903770
967,2018-01-03,27.05,26.5,27.0,26.8,20.17,2458110
968,2018-01-04,27.7,26.55,26.8,27.55,20.73,5924190
969,2018-01-05,27.55,26.95,27.5,27.4,20.62,1908830
970,2018-01-08,28.2,27.4,27.7,27.85,20.96,2053870
971,2018-01-09,27.95,26.0,27.85,27.4,20.62,5014750
972,2018-01-10,28.25,27.3,27.4,27.45,20.65,4067750
973,2018-01-11,27.75,27.15,27.5,27.6,20.77,1566970
974,2018-01-12,27.55,27.1,27.2,27.25,20.5,3124840
975,2018-01-15,27.7,26.75,27.05,27.3,20.54,2467190
976,2018-01-16,27.9,27.25,27.35,27.7,20.84,2368450
977,2018-01-17,28.1,27.0,27.7,27.0,20.32,2847680
978,2018-01-18,27.1,26.3,26.6,27.1,20.39,1833010
979,2018-01-19,27.3,26.6,27.2,26.9,20.24,3553540
980,2018-01-22,28.6,26.85,26.9,28.45,21.41,5040120
981,2018-01-25,30.4,28.8,29.1,30.4,22.87,8086250
982,2018-01-26,32.5,31.5,32.5,32.5,24.45,5677170
983,2018-01-29,34.75,33.0,33.0,34.6,26.03,4425390
984,2018-01-30,36.0,32.85,32.85,36.0,27.09,3303230
985,2018-01-31,37.25,34.2,37.2,34.2,25.73,1780870
986,2018-02-01,34.55,32.9,34.5,33.7,25.36,2424280
987,2018-02-02,34.3,33.1,33.3,33.7,25.36,1771520
988,2018-02-05,33.4,31.35,33.2,31.35,23.59,2790640
989,2018-02-06,30.8,29.2,29.2,29.2,21.97,3336700
990,2018-02-07,31.2,30.0,31.2,31.2,23.48,2108050
991,2018-02-08,32.8,31.2,31.2,32.2,24.23,2043470
992,2018-02-09,33.0,29.95,30.0,32.3,24.3,1800170
993,2018-02-12,34.55,32.5,33.0,34.55,26.0,2393270
994,2018-02-13,36.5,35.0,36.4,35.4,26.64,2458380
995,2018-02-21,37.85,35.6,36.0,37.4,28.14,2137010
996,2018-02-22,38.6,36.75,37.0,36.8,27.69,2876780
997,2018-02-23,37.5,35.9,37.0,37.1,27.91,3624350
998,2018-02-26,38.75,37.4,37.9,38.1,28.67,4016600
999,2018-02-27,38.8,37.6,38.1,38.15,28.71,2216610
1000,2018-02-28,39.5,37.65,37.9,39.0,29.34,4521850
1001,2018-03-01,39.6,37.5,38.6,37.8,28.44,2634150
1002,2018-03-02,38.0,36.9,37.0,37.8,28.44,2378830
1003,2018-03-05,38.4,35.2,38.25,35.2,26.49,2609100
1004,2018-03-06,37.65,35.45,36.0,37.65,28.33,2525060
1005,2018-03-07,38.1,36.9,38.0,37.5,28.22,2053190
1006,2018-03-08,38.0,37.0,37.5,37.2,27.99,1132070
1007,2018-03-09,38.0,37.0,37.5,37.25,28.03,2263330
1008,2018-03-12,39.0,38.0,38.6,38.6,29.04,2014660
1009,2018-03-13,39.2,38.0,38.6,39.2,29.5,1980080
1010,2018-03-14,39.8,38.9,39.8,39.0,29.34,1996080
1011,2018-03-15,41.7,38.7,39.0,41.7,31.38,3548060
1012,2018-03-16,43.5,41.8,42.8,42.8,32.2,2628200
1013,2018-03-19,43.1,41.2,43.0,41.7,31.38,2366180
1014,2018-03-20,43.1,41.0,41.2,42.5,31.98,1866550
1015,2018-03-21,43.8,42.6,43.5,43.5,32.73,1606790
1016,2018-03-22,44.5,43.25,43.5,44.3,33.33,2525390
1017,2018-03-23,43.6,41.4,43.5,42.35,31.87,3661530
1018,2018-03-26,44.9,42.0,42.0,44.9,33.78,1932890
1019,2018-03-27,46.6,44.1,46.0,44.1,33.18,2941390
1020,2018-03-28,44.75,43.4,44.0,44.55,33.52,1672540
1021,2018-03-29,44.7,43.8,44.55,44.0,33.11,896470
1022,2018-03-30,43.95,42.65,43.8,43.4,32.66,2211040
1023,2018-04-02,45.0,42.95,43.8,45.0,33.86,2610170
1024,2018-04-03,45.8,44.7,45.3,45.1,33.93,1340170
1025,2018-04-04,45.45,44.8,45.1,44.8,33.71,4326470
1026,2018-04-05,44.8,43.75,44.8,44.0,33.11,1744010
1027,2018-04-06,44.7,43.8,44.2,44.0,33.11,1469830
1028,2018-04-09,45.0,43.4,44.3,44.4,33.41,2724810
1029,2018-04-10,46.4,44.8,44.9,45.5,34.24,4181500
1030,2018-04-11,46.8,44.0,46.8,44.5,33.48,6465610
1031,2018-04-12,45.0,43.6,44.3,44.4,33.41,1816480
1032,2018-04-13,44.8,41.7,44.5,42.0,31.6,3369270
1033,2018-04-16,42.0,40.0,41.0,40.0,30.1,2207540
1034,2018-04-17,41.9,39.7,40.0,41.9,31.53,2516280
1035,2018-04-18,42.7,40.2,42.7,40.2,30.25,1196420
1036,2018-04-19,40.4,37.8,40.2,38.0,28.59,2755020
1037,2018-04-20,39.55,37.0,38.5,39.45,29.68,2415490
1038,2018-04-23,40.65,36.7,39.8,36.7,27.61,3210890
1039,2018-04-24,38.5,35.9,37.0,38.0,28.59,2503080
1040,2018-04-26,38.5,35.5,37.8,36.5,27.46,2236270
1041,2018-04-27,38.1,36.0,36.4,36.1,27.16,2026830
1042,2018-05-02,36.9,33.6,33.6,33.6,25.28,1946140
1043,2018-05-03,34.9,31.25,32.2,33.7,25.36,4969480
1044,2018-05-04,34.5,32.5,34.1,32.5,24.45,1599340
1045,2018-05-07,34.75,31.7,32.95,34.75,26.15,3558490
1046,2018-05-08,36.95,34.4,34.75,35.5,26.71,3013460
1047,2018-05-09,36.25,34.5,35.0,35.0,26.33,2243140
1048,2018-05-10,35.6,32.55,34.4,32.7,24.6,2834040
1049,2018-05-11,34.2,31.5,32.7,34.0,25.58,2116330
1050,2018-05-14,34.7,33.7,34.6,34.3,25.81,918220
1051,2018-05-15,35.0,34.0,34.3,34.6,26.03,2221560
1052,2018-05-16,34.3,33.15,34.1,33.2,24.98,1856760
1053,2018-05-17,33.5,32.7,33.2,33.0,24.83,1502680
1054,2018-05-18,33.4,31.0,33.0,32.95,24.79,2937450
1055,2018-05-21,32.95,31.5,32.95,31.5,23.7,2405890
1056,2018-05-22,31.4,29.3,31.0,29.3,22.05,3119620
1057,2018-05-23,30.5,28.75,28.8,30.45,22.91,1819230
1058,2018-05-24,30.75,29.45,30.5,29.65,22.31,1089040
1059,2018-05-25,30.1,27.7,29.85,27.7,20.84,2161610
1060,2018-05-28,27.2,25.8,27.1,25.8,19.41,3937270
1061,2018-05-29,27.6,25.8,26.5,27.6,20.77,2874020
1062,2018-05-30,28.5,27.35,28.0,27.6,20.77,2247930
1063,2018-05-31,29.4,27.3,27.3,29.25,22.01,3412580
1064,2018-06-01,30.7,28.8,29.0,29.7,22.35,3634920
1065,2018-06-04,30.6,28.4,29.0,30.5,22.95,4950280
1066,2018-06-05,31.2,29.6,30.3,30.4,22.87,3066250
1067,2018-06-06,31.8,29.8,30.45,31.8,23.93,2532640
1068,2018-06-07,32.2,31.2,31.8,31.2,23.48,3704890
1069,2018-06-08,31.7,30.8,31.2,31.5,23.7,2683390
1070,2018-06-11,31.95,31.0,31.1,31.0,23.33,2523290
1071,2018-06-12,30.5,28.85,30.3,29.6,22.27,4314510
1072,2018-06-13,30.0,29.15,29.6,29.65,22.31,1672030
1073,2018-06-14,29.9,28.3,29.7,28.3,21.29,3889180
1074,2018-06-15,29.0,27.8,28.0,29.0,21.82,2362000
1075,2018-06-18,29.05,27.2,29.0,27.3,20.54,2873220
1076,2018-06-19,27.0,25.4,26.8,26.8,20.17,5460120
1077,2018-06-20,28.0,26.65,27.1,28.0,21.07,2539060
1078,2018-06-21,28.0,26.6,27.6,26.8,20.17,2122850
1079,2018-06-22,27.65,26.05,26.05,27.5,20.69,2281830
1080,2018-06-25,28.65,27.9,28.05,28.2,21.22,1937980
1081,2018-06-26,28.1,27.3,27.5,27.8,20.92,1283390
1082,2018-06-27,28.2,26.8,27.8,26.8,20.17,1931320
1083,2018-06-28,26.8,25.8,26.4,25.9,19.49,3833920
1084,2018-06-29,26.7,25.7,26.0,26.0,19.56,2112720
1085,2018-07-02,26.0,24.35,25.5,24.75,18.62,3542250
1086,2018-07-03,25.15,23.05,24.8,23.05,17.34,4984960
1087,2018-07-04,23.15,21.95,23.05,22.9,17.23,4641640
1088,2018-07-05,23.05,21.3,22.55,21.6,16.25,3044050
1089,2018-07-06,23.1,20.85,21.4,23.1,17.38,5291910
1090,2018-07-09,24.4,23.25,23.6,23.3,17.53,5443120
1091,2018-07-10,24.35,23.4,23.7,23.65,17.79,3612750
1092,2018-07-11,23.0,22.0,22.8,22.1,16.63,5491810
1093,2018-07-12,23.6,22.05,23.0,23.0,17.31,2508790
1094,2018-07-13,24.0,23.3,23.5,23.5,17.68,3158160
1095,2018-07-16,24.4,23.7,24.0,24.15,18.17,2912010
1096,2018-07-17,25.15,23.6,23.6,24.9,18.74,3991770
1097,2018-07-18,26.2,24.9,25.0,26.15,19.68,4012340
1098,2018-07-19,26.2,25.5,26.0,25.8,19.41,3344910
1099,2018-07-20,25.9,24.8,25.4,25.4,19.11,4279270
1100,2018-07-23,26.2,24.8,24.8,24.8,18.66,3124370
1101,2018-07-24,25.5,24.0,24.7,24.8,18.66,2591310
1102,2018-07-25,25.15,23.6,25.0,23.6,17.76,2773760
1103,2018-07-26,24.1,23.25,23.6,24.1,18.13,2364560
1104,2018-07-27,24.95,24.0,24.1,24.8,18.66,2031060
1105,2018-07-30,26.3,25.0,25.2,26.3,19.79,3793610
1106,2018-07-31,26.95,25.85,26.2,26.3,19.79,5307160
1107,2018-08-01,26.8,26.0,26.3,26.3,19.79,3487790
1108,2018-08-02,26.2,25.3,26.0,26.2,19.71,3523250
1109,2018-08-03,26.7,26.3,26.6,26.55,19.98,2685620
1110,2018-08-06,27.6,26.05,26.6,26.85,20.2,3262290
1111,2018-08-07,27.7,26.3,26.3,27.45,20.65,3707270
1112,2018-08-08,29.2,27.5,27.5,29.2,21.97,4507240
1113,2018-08-09,29.8,28.8,29.5,28.85,21.71,3744030
1114,2018-08-10,29.9,28.5,28.6,29.9,22.5,4573770
1115,2018-08-13,30.85,29.6,29.7,30.5,22.95,3670180
1116,2018-08-14,30.65,29.9,30.5,30.0,22.57,2187220
1117,2018-08-15,30.7,28.6,30.5,29.3,22.05,4946070
1118,2018-08-16,30.05,28.0,28.95,30.0,22.57,5017400
1119,2018-08-17,31.7,30.1,30.6,31.1,23.4,4714800
1120,2018-08-20,31.8,30.8,31.0,31.4,23.63,3573200
1121,2018-08-21,33.0,31.0,31.0,33.0,24.83,4070460
1122,2018-08-22,33.7,32.4,33.2,32.5,24.45,4346680
1123,2018-08-23,33.5,32.2,32.7,33.05,24.87,3335590
1124,2018-08-24,33.55,32.6,32.6,33.4,25.13,2775350
1125,2018-08-27,34.1,33.45,33.7,34.0,25.58,2641980
1126,2018-08-28,34.3,33.3,34.3,33.7,25.36,2582530
1127,2018-08-29,34.1,33.55,33.7,33.65,25.32,2319810
1128,2018-08-30,34.9,33.5,33.6,34.9,26.26,3486300
1129,2018-08-31,35.0,34.3,34.8,34.4,25.88,2336200
1130,2018-09-04,34.0,32.2,34.0,32.5,24.45,4108990
1131,2018-09-05,33.35,32.15,32.2,33.1,24.91,3283340
1132,2018-09-06,33.2,32.4,33.1,32.75,24.64,1923190
1133,2018-09-07,34.15,32.5,32.5,33.9,25.51,3171020
1134,2018-09-10,34.5,33.5,33.8,34.0,25.58,3078830
1135,2018-09-11,35.4,33.9,34.0,35.3,26.56,4371130
1136,2018-09-12,35.6,34.75,35.5,34.75,26.15,2528070
1137,2018-09-13,35.5,34.5,35.2,35.0,26.33,2984670
1138,2018-09-14,35.5,34.7,35.3,34.85,26.22,1656240
1139,2018-09-17,35.1,34.2,34.7,34.2,25.73,2164200
1140,2018-09-18,35.3,33.5,33.8,35.25,26.52,4127500
1141,2018-09-19,35.95,35.2,35.5,35.3,26.56,2943070
1142,2018-09-20,35.75,34.85,35.3,35.5,26.71,2304800
1143,2018-09-21,35.75,34.65,35.7,35.3,26.56,4631020
1144,2018-09-24,35.6,34.85,35.3,34.9,26.26,2423940
1145,2018-09-25,35.6,34.6,34.75,35.0,26.33,1820120
1146,2018-09-26,35.45,34.9,34.95,34.9,26.26,1956500
1147,2018-09-27,35.05,34.65,35.0,34.65,26.07,2074090
1148,2018-09-28,35.65,34.7,34.9,35.2,26.49,2822910
1149,2018-10-01,35.5,34.6,35.2,34.75,26.15,1733190
1150,2018-10-02,36.4,34.5,34.8,36.2,27.24,5199330
1151,2018-10-03,36.75,36.2,36.3,36.65,27.58,2361360
1152,2018-10-04,36.8,36.3,36.7,36.75,27.65,1879790
1153,2018-10-05,36.6,35.5,36.4,35.5,26.71,2834960
1154,2018-10-08,36.2,34.9,35.2,36.0,27.09,3268360
1155,2018-10-09,36.5,35.8,36.1,36.1,27.16,1270140
1156,2018-10-10,36.2,35.2,36.2,35.35,26.6,2080020
1157,2018-10-11,34.3,32.9,32.9,32.9,24.75,6573500
1158,2018-10-12,34.15,32.0,33.0,33.8,25.43,2706970
1159,2018-10-15,34.0,32.6,34.0,32.6,24.53,1199560
1160,2018-10-16,33.5,32.6,32.6,33.5,25.21,1574440
1161,2018-10-17,34.8,33.95,34.0,34.6,26.03,2870340
1162,2018-10-18,35.15,33.8,34.4,34.6,26.03,3352560
1163,2018-10-19,34.75,33.8,34.0,34.6,26.03,2010830
1164,2018-10-22,35.45,34.7,35.0,35.0,26.33,3643590
1165,2018-10-23,35.2,33.5,34.8,34.9,26.26,3648830
1166,2018-10-24,35.0,32.6,34.9,32.6,24.53,2230710
1167,2018-10-25,32.0,30.35,30.35,31.2,23.48,4896050
1168,2018-10-26,32.3,30.6,32.0,30.6,23.02,1877950
1169,2018-10-29,30.8,28.8,30.5,28.9,21.75,2482950
1170,2018-10-30,29.7,27.6,28.5,27.6,20.77,3140410
1171,2018-10-31,29.5,28.2,28.5,29.5,22.2,1670350
1172,2018-11-01,31.5,30.3,31.45,30.35,22.84,2974110
1173,2018-11-02,32.45,30.8,31.0,32.45,24.42,3469490
1174,2018-11-05,32.8,31.6,32.0,32.8,24.68,1732340
1175,2018-11-06,33.15,31.85,33.0,32.0,24.08,1834970
1176,2018-11-07,32.85,31.9,32.0,32.45,24.42,2117240
1177,2018-11-08,33.5,32.4,33.5,32.45,24.42,1728670
1178,2018-11-09,32.5,31.65,32.2,31.7,23.85,1790150
1179,2018-11-12,32.45,31.1,31.1,32.2,24.23,1332890
1180,2018-11-13,31.75,31.0,31.3,31.0,23.33,2054350
1181,2018-11-14,31.5,30.0,31.0,30.0,22.57,1511410
1182,2018-11-15,31.8,29.9,30.0,31.0,23.33,1574190
1183,2018-11-16,32.45,31.5,31.5,32.2,24.23,2339880
1184,2018-11-19,32.55,32.0,32.2,32.2,24.23,1520580
1185,2018-11-20,32.0,31.45,31.45,31.7,23.85,1301980
1186,2018-11-21,32.2,31.15,31.2,32.0,24.08,1747970
1187,2018-11-22,32.45,31.8,32.2,31.85,23.96,1866110
1188,2018-11-23,32.1,31.6,31.8,31.7,23.85,1340870
1189,2018-11-26,31.95,31.4,31.4,31.65,23.81,790910
1190,2018-11-27,32.0,31.0,31.9,31.45,23.66,1382030
1191,2018-11-28,31.65,31.3,31.45,31.55,23.74,764130
1192,2018-11-29,32.0,31.25,31.55,31.25,23.51,2480990
1193,2018-11-30,31.8,30.6,30.6,31.4,23.63,2611400
1194,2018-12-03,33.55,31.8,32.0,33.55,25.24,3464870
1195,2018-12-04,34.1,33.2,33.55,33.4,25.13,2374250
1196,2018-12-05,34.05,32.8,33.0,33.85,25.47,2574670
1197,2018-12-06,33.85,33.2,33.7,33.7,25.36,1984110
1198,2018-12-07,34.4,33.65,33.8,33.7,25.36,1220210
1199,2018-12-10,34.1,33.25,33.7,33.7,25.36,1556580
1200,2018-12-11,33.85,33.4,33.7,33.55,25.24,1148790
1201,2018-12-12,34.65,33.4,33.7,34.65,26.07,2225990
1202,2018-12-13,34.95,34.3,34.95,34.3,25.81,1610470
1203,2018-12-14,34.8,33.8,34.2,33.9,25.51,1214630
1204,2018-12-17,34.05,33.2,33.45,33.2,24.98,2363750
1205,2018-12-18,33.65,32.5,32.7,33.65,25.32,2348370
1206,2018-12-19,33.95,33.3,33.65,33.3,25.06,1314340
1207,2018-12-20,34.25,33.4,33.5,33.95,25.54,1675470
1208,2018-12-21,34.05,33.4,33.8,34.0,25.58,1055310
1209,2018-12-24,34.75,33.8,34.0,34.0,25.58,2204820
1210,2018-12-25,33.75,31.7,33.2,32.75,24.64,1827680
1211,2018-12-26,33.45,32.55,32.75,32.6,24.53,1036860
1212,2018-12-27,34.45,33.55,33.8,34.0,25.58,1643520
1213,2018-12-28,34.4,33.65,33.8,34.4,25.88,2174210
1214,2019-01-02,34.4,33.45,33.5,33.5,25.21,805700
1215,2019-01-03,33.8,32.0,33.5,32.0,24.08,1107500
1216,2019-01-04,31.95,30.8,31.5,31.55,23.74,1457300
1217,2019-01-07,33.0,32.0,32.0,32.3,24.3,806060
1218,2019-01-08,32.6,31.9,32.6,32.0,24.08,558540
1219,2019-01-09,33.05,32.1,32.3,33.0,24.83,1075730
1220,2019-01-10,33.1,32.5,33.0,32.5,24.45,410690
1221,2019-01-11,32.8,31.85,32.5,31.9,24.0,941940
1222,2019-01-14,32.35,31.45,31.9,31.9,24.0,755920
1223,2019-01-15,32.8,31.75,31.75,32.5,24.45,580710
1224,2019-01-16,32.75,32.2,32.2,32.2,24.23,406070
1225,2019-01-17,32.4,31.9,32.2,31.95,24.04,297560
1226,2019-01-18,32.3,31.65,31.95,31.7,23.85,509140
1227,2019-01-21,33.35,31.7,32.0,32.85,24.72,1207560
1228,2019-01-22,33.1,32.7,32.9,32.75,24.64,563940
1229,2019-01-23,32.85,32.1,32.4,32.7,24.6,457760
1230,2019-01-24,32.85,32.5,32.55,32.5,24.45,579540
1231,2019-01-25,32.7,32.0,32.7,32.05,24.12,570980
1232,2019-01-28,32.35,31.8,32.05,31.9,24.0,545190
1233,2019-01-29,31.9,31.55,31.9,31.7,23.85,635890
1234,2019-01-30,32.25,31.6,31.9,31.7,23.85,429410
1235,2019-01-31,32.2,31.5,32.2,31.5,23.7,678130
1236,2019-02-01,31.85,31.4,31.45,31.6,23.78,537050
1237,2019-02-11,32.25,31.8,31.85,31.95,24.04,631710
1238,2019-02-12,32.7,32.05,32.05,32.45,24.42,1395780
1239,2019-02-13,32.6,32.25,32.55,32.5,24.45,1557810
1240,2019-02-14,32.55,32.35,32.5,32.4,24.38,1018550
1241,2019-02-15,33.8,32.1,32.35,33.15,24.94,1622530
1242,2019-02-18,33.7,33.2,33.5,33.5,25.21,955540
1243,2019-02-19,33.75,32.9,33.5,32.9,24.75,1143130
1244,2019-02-20,34.9,32.65,32.8,34.0,25.58,2361110
1245,2019-02-21,34.65,34.0,34.25,34.25,25.77,2157870
1246,2019-02-22,34.7,34.0,34.2,34.0,25.58,1459730
1247,2019-02-25,34.5,33.7,34.5,34.0,25.58,1687500
1248,2019-02-26,34.0,33.5,33.7,33.6,25.28,1409740
1249,2019-02-27,33.95,33.5,33.6,33.6,25.28,749060
1250,2019-02-28,33.75,32.5,33.6,32.5,24.45,1793480
1251,2019-03-01,33.1,32.6,32.6,32.85,24.72,1153130
1252,2019-03-04,33.75,33.0,33.1,33.6,25.28,970340
1253,2019-03-05,35.3,33.2,33.2,34.6,26.03,4215640
1254,2019-03-06,34.9,34.4,34.6,34.75,26.15,1701660
1255,2019-03-07,35.25,34.7,35.0,34.9,26.26,1702650
1256,2019-03-08,34.7,33.9,34.45,34.0,25.58,1808960
1257,2019-03-11,34.1,33.45,34.1,33.65,25.32,1137250
1258,2019-03-12,35.5,33.8,34.1,35.5,26.71,1690500
1259,2019-03-13,35.95,35.2,35.3,35.6,26.79,2860920
1260,2019-03-14,36.7,35.2,35.6,36.2,27.24,2651040
1261,2019-03-15,37.5,35.9,36.2,37.2,27.99,3180240
1262,2019-03-18,37.6,36.9,37.2,37.3,28.07,2925810
1263,2019-03-19,37.3,36.5,37.15,36.6,27.54,2819110
1264,2019-03-20,36.5,35.5,36.15,36.1,27.16,2700620
1265,2019-03-21,36.65,34.8,36.25,34.8,26.18,2239650
1266,2019-03-22,35.7,34.8,35.4,35.1,26.41,1877120
1267,2019-03-25,35.0,33.5,34.1,34.5,25.96,2092900
1268,2019-03-26,35.1,34.2,34.9,34.3,25.81,1042090
1269,2019-03-27,35.1,34.3,34.85,34.9,26.26,1236550
1270,2019-03-28,35.85,34.45,34.45,35.6,26.79,2196570
1271,2019-03-29,36.0,35.6,35.6,35.8,26.94,1654790
1272,2019-04-01,36.3,35.3,35.8,35.5,26.71,1358430
1273,2019-04-02,36.0,34.8,36.0,34.8,26.18,1453530
1274,2019-04-03,36.1,34.45,34.8,35.7,26.86,1895710
1275,2019-04-04,36.0,35.15,36.0,35.3,26.56,1299540
1276,2019-04-05,35.7,34.8,35.3,35.05,26.37,923660
1277,2019-04-08,35.55,34.8,34.8,35.5,26.71,1042660
1278,2019-04-09,36.2,35.5,35.5,35.75,26.9,2081540
1279,2019-04-10,35.8,35.2,35.75,35.2,26.49,522520
1280,2019-04-11,35.5,34.95,35.3,35.15,26.45,643960
1281,2019-04-12,35.2,34.7,35.1,34.75,26.15,894410
1282,2019-04-16,35.6,34.2,34.6,35.5,26.71,1404520
1283,2019-04-17,35.5,34.8,35.5,34.8,26.18,852450
1284,2019-04-18,35.4,34.65,34.8,34.8,26.18,1016060
1285,2019-04-19,35.2,34.7,34.8,34.85,26.22,365870
1286,2019-04-22,34.85,33.95,34.85,34.2,25.73,687460
1287,2019-04-23,34.6,33.95,34.6,34.2,25.73,1005740
1288,2019-04-24,34.8,34.3,34.5,34.6,26.03,598100
1289,2019-04-25,35.0,34.5,34.6,34.5,25.96,464620
1290,2019-04-26,34.9,34.5,34.5,34.8,26.18,484200
1291,2019-05-02,35.0,34.5,35.0,34.5,25.96,483460
1292,2019-05-03,34.8,34.2,34.5,34.2,25.73,555330
1293,2019-05-06,33.9,33.0,33.65,33.1,24.91,1220260
1294,2019-05-07,33.9,32.9,33.3,33.1,24.91,949150
1295,2019-05-08,33.0,32.35,32.7,32.35,24.34,1127910
1296,2019-05-09,32.8,31.0,32.65,31.1,23.4,1937960
1297,2019-05-10,32.2,31.4,31.5,32.0,24.08,1098030
1298,2019-05-13,32.8,32.0,32.0,32.7,24.6,778440
1299,2019-05-14,32.6,32.0,32.45,32.4,24.38,1121640
1300,2019-05-15,33.1,32.3,32.6,32.9,24.75,1560060
1301,2019-05-16,33.0,32.45,32.95,32.6,24.53,866200
1302,2019-05-17,32.7,32.0,32.7,32.15,24.19,938600
1303,2019-05-20,32.9,32.1,32.1,32.7,24.6,1060860
1304,2019-05-21,33.25,32.6,32.7,33.05,24.87,1866340
1305,2019-05-22,33.6,33.05,33.2,33.2,24.98,1262730
1306,2019-05-23,33.4,32.6,33.0,33.4,25.13,795270
1307,2019-05-24,33.25,32.5,33.1,32.5,24.45,1510920
1308,2019-05-27,32.7,32.4,32.5,32.6,24.53,526030
1309,2019-05-28,32.8,32.15,32.5,32.3,24.3,1181610
1310,2019-05-29,32.45,31.95,32.3,32.0,24.08,896960
1311,2019-05-30,32.3,31.8,32.2,31.8,23.93,671830
1312,2019-05-31,31.9,31.45,31.65,31.5,23.7,1106150
1313,2019-06-03,31.5,30.6,31.4,30.6,23.02,1471050
1314,2019-06-04,32.0,30.55,30.6,32.0,24.08,1017040
1315,2019-06-05,32.2,31.4,32.0,31.4,23.63,482730
1316,2019-06-06,31.7,30.9,31.4,31.3,23.55,329600
1317,2019-06-07,31.7,31.3,31.3,31.7,23.85,459310
1318,2019-06-10,32.1,31.7,31.8,31.7,23.85,471530
1319,2019-06-11,32.0,31.6,31.8,31.9,24.0,1009390
1320,2019-06-12,31.9,31.45,31.7,31.5,23.7,351310
1321,2019-06-13,31.75,31.4,31.4,31.5,23.7,289140
1322,2019-06-14,32.25,31.5,31.7,32.15,24.19,1639620
1323,2019-06-17,32.55,31.95,32.2,32.1,24.15,693710
1324,2019-06-18,32.1,31.7,31.9,32.0,24.08,293680
1325,2019-06-19,32.4,31.95,32.0,32.0,24.08,531820
1326,2019-06-20,32.7,31.9,32.0,32.65,24.57,1142380
1327,2019-06-21,32.95,32.45,32.7,32.5,24.45,521660
1328,2019-06-24,33.0,32.4,32.65,32.6,24.53,820120
1329,2019-06-25,32.7,32.1,32.6,32.1,24.15,934450
1330,2019-06-26,32.55,31.9,32.0,32.5,24.45,1052510
1331,2019-06-27,32.45,32.0,32.0,32.0,24.08,698820
1332,2019-06-28,32.2,31.4,31.7,31.7,23.85,653190
1333,2019-07-01,32.5,32.1,32.35,32.35,24.34,550440
1334,2019-07-02,32.4,32.05,32.05,32.05,24.12,454740
1335,2019-07-03,32.4,32.0,32.0,32.1,24.15,409880
1336,2019-07-04,32.85,32.2,32.4,32.8,24.68,1147150
1337,2019-07-05,33.2,32.6,32.65,32.8,24.68,1204780
1338,2019-07-08,32.9,32.4,32.9,32.55,24.49,564180
1339,2019-07-09,32.7,32.4,32.4,32.6,24.53,403680
1340,2019-07-10,32.85,32.4,32.6,32.4,24.38,699090
1341,2019-07-11,33.5,32.4,32.6,33.45,25.17,2461040
1342,2019-07-12,33.8,33.3,33.5,33.4,25.13,1417000
1343,2019-07-15,33.5,33.25,33.3,33.3,25.06,913470
1344,2019-07-16,34.55,33.45,33.45,34.55,26.0,3287930
1345,2019-07-17,34.9,34.25,34.5,34.55,26.0,1551860
1346,2019-07-18,34.7,34.2,34.45,34.7,26.11,1442460
1347,2019-07-19,35.4,34.7,35.0,34.9,26.26,1713010
1348,2019-07-22,35.95,35.0,35.2,35.75,26.9,2863060
1349,2019-07-23,35.75,34.7,35.75,35.25,26.52,2132860
1350,2019-07-24,35.4,34.2,35.4,34.45,25.92,1886280
1351,2019-07-25,35.2,34.3,34.3,35.2,26.49,1316210
1352,2019-07-26,35.9,35.0,35.0,35.8,26.94,2184360
1353,2019-07-29,35.8,35.3,35.7,35.8,26.94,1351320
1354,2019-07-30,35.6,34.95,35.6,35.0,26.33,1623110
1355,2019-07-31,35.5,34.7,35.0,35.5,26.71,933640
1356,2019-08-01,35.5,35.05,35.5,35.45,26.67,744670
1357,2019-08-02,36.0,34.9,35.0,35.8,26.94,2824090
1358,2019-08-05,35.8,35.45,35.5,35.8,26.94,2469000
1359,2019-08-06,35.65,34.5,34.5,35.2,26.49,1229640
1360,2019-08-07,35.5,34.7,35.35,34.7,26.11,1081380
1361,2019-08-08,35.15,34.65,34.7,34.7,26.11,908980
1362,2019-08-09,35.0,34.2,35.0,34.7,26.11,997910
1363,2019-08-12,35.4,34.05,34.85,35.35,26.6,1373320
1364,2019-08-13,35.4,34.75,35.05,34.9,26.26,817060
1365,2019-08-14,35.4,34.75,35.3,35.1,26.41,520650
1366,2019-08-15,35.1,34.5,34.5,35.1,26.41,551130
1367,2019-08-16,36.7,34.9,35.0,36.0,27.09,3237040
1368,2019-08-19,37.0,36.3,36.5,36.7,27.61,1132960
1369,2019-08-20,36.95,36.55,36.95,36.8,27.69,800200
1370,2019-08-21,38.25,36.5,36.5,37.85,28.48,2691400
1371,2019-08-22,38.1,37.5,38.0,37.6,28.29,2618940
1372,2019-08-23,37.8,37.15,37.8,37.55,28.25,1297030
1373,2019-08-26,37.85,36.6,36.9,37.85,28.48,1806980
1374,2019-08-27,38.4,37.5,38.3,37.5,28.22,1170790
1375,2019-08-28,38.0,37.4,37.5,37.6,28.29,932680
1376,2019-08-29,37.9,37.35,37.6,37.9,28.52,1330160
1377,2019-08-30,38.8,37.95,38.2,38.75,29.16,2186980
1378,2019-09-03,39.1,38.65,38.8,38.7,29.12,830420
1379,2019-09-04,38.8,38.0,38.7,38.6,29.04,921560
1380,2019-09-05,39.05,38.5,38.8,38.5,28.97,939140
1381,2019-09-06,38.5,37.55,38.5,38.0,28.59,1528000
1382,2019-09-09,38.1,37.75,38.0,38.1,28.67,801830
1383,2019-09-10,38.6,37.8,37.95,38.3,28.82,1003930
1384,2019-09-11,38.4,37.95,38.0,38.2,28.74,519270
1385,2019-09-12,38.75,38.0,38.35,38.65,29.08,1763420
1386,2019-09-13,39.85,38.6,38.85,39.85,29.98,2303060
1387,2019-09-16,40.8,39.8,39.85,40.0,30.1,1250810
1388,2019-09-17,41.0,39.4,39.7,41.0,30.85,1566850
1389,2019-09-18,41.25,40.55,40.9,41.15,30.96,1630310
1390,2019-09-19,41.25,40.75,41.2,40.8,30.7,1029490
1391,2019-09-20,41.1,39.8,40.8,40.0,30.1,2204400
1392,2019-09-23,40.5,39.6,39.7,39.65,29.83,1089550
1393,2019-09-24,40.0,39.45,39.8,39.45,29.68,852180
1394,2019-09-25,39.9,38.9,39.25,39.9,30.02,1445080
1395,2019-09-26,40.7,39.9,39.9,40.15,30.21,888310
1396,2019-09-27,40.4,40.05,40.3,40.25,30.29,907890
1397,2019-09-30,40.65,39.4,40.2,39.4,29.65,1429150
1398,2019-10-01,40.0,39.4,39.4,40.0,30.1,862420
1399,2019-10-02,40.8,39.95,40.0,40.2,30.25,1505190
1400,2019-10-03,41.25,39.75,39.8,41.25,31.04,1939160
1401,2019-10-04,41.65,40.5,41.3,40.5,30.47,884430
1402,2019-10-07,40.9,40.0,40.9,40.4,30.4,807180
1403,2019-10-08,41.1,40.1,40.4,41.1,30.92,650420
1404,2019-10-09,41.8,40.8,41.1,41.25,31.04,1415560
1405,2019-10-10,41.7,41.0,41.25,41.0,30.85,1054690
1406,2019-10-11,41.2,40.7,41.0,40.8,30.7,1530870
1407,2019-10-14,41.95,40.85,41.0,41.15,30.96,1381960
1408,2019-10-15,41.55,41.0,41.0,41.4,31.15,631810
1409,2019-10-16,41.65,41.15,41.4,41.15,30.96,650130
1410,2019-10-17,41.35,40.8,41.35,40.8,30.7,801110
1411,2019-10-18,40.8,40.0,40.8,40.1,30.17,1225560
1412,2019-10-21,40.0,39.3,39.7,39.3,29.57,1281520
1413,2019-10-22,40.0,39.3,39.3,40.0,30.1,566150
1414,2019-10-23,40.3,39.85,40.0,40.1,30.17,455760
1415,2019-10-24,40.5,39.75,40.1,40.3,30.32,513170
1416,2019-10-25,40.55,39.8,40.0,40.2,30.25,968770
1417,2019-10-28,41.2,40.6,41.1,40.6,30.55,800080
1418,2019-10-29,40.9,40.0,40.9,40.6,30.55,921380
1419,2019-10-30,40.8,40.15,40.5,40.2,30.25,760410
1420,2019-10-31,40.7,40.05,40.2,40.6,30.55,777680
1421,2019-11-01,41.1,40.3,40.5,41.0,30.85,1180640
1422,2019-11-04,42.45,41.1,41.1,42.2,31.75,1744250
1423,2019-11-05,42.5,42.15,42.3,42.5,31.98,898400
1424,2019-11-06,42.7,42.2,42.35,42.2,31.75,821030
1425,2019-11-07,41.8,40.8,41.3,41.6,32.38,1105060
1426,2019-11-08,42.0,41.2,41.8,41.3,32.14,754380
1427,2019-11-11,41.9,41.1,41.25,41.3,32.14,724450
1428,2019-11-12,42.2,41.3,41.4,42.1,32.76,1499510
1429,2019-11-13,42.9,42.2,42.2,42.9,33.39,1827440
1430,2019-11-14,43.0,42.1,43.0,42.5,33.08,811080
1431,2019-11-15,42.7,42.0,42.65,42.0,32.69,627650
1432,2019-11-18,42.2,41.25,41.8,41.3,32.14,958470
1433,2019-11-19,41.7,41.1,41.3,41.65,32.41,676040
1434,2019-11-20,41.9,41.25,41.9,41.55,32.34,246520
1435,2019-11-21,41.7,41.15,41.5,41.2,32.06,611690
1436,2019-11-22,41.5,39.8,41.5,40.2,31.29,1041320
1437,2019-11-25,40.6,39.5,40.2,39.7,30.9,822450
1438,2019-11-26,40.55,39.8,40.3,40.0,31.13,406540
1439,2019-11-27,41.4,40.1,40.1,40.8,31.75,1060810
1440,2019-11-28,41.0,40.45,41.0,40.65,31.64,396280
1441,2019-11-29,40.9,40.5,40.5,40.5,31.52,391620
1442,2019-12-02,40.3,39.4,40.3,39.4,30.66,702050
1443,2019-12-03,40.05,39.0,39.4,39.7,30.9,786830
1444,2019-12-04,40.55,39.6,39.7,40.35,31.4,352310
1445,2019-12-05,40.6,39.65,40.55,40.0,31.13,393640
1446,2019-12-06,40.2,39.55,39.7,39.65,30.86,374930
1447,2019-12-09,40.0,39.65,40.0,40.0,31.13,358570
1448,2019-12-10,40.35,39.75,40.0,39.9,31.05,415660
1449,2019-12-11,40.1,39.8,39.9,40.1,31.21,280130
1450,2019-12-12,41.0,40.2,40.6,41.0,31.91,724090
1451,2019-12-13,41.95,41.0,41.0,41.9,32.61,1426060
1452,2019-12-16,42.25,41.5,42.2,41.9,32.61,958360
1453,2019-12-17,41.9,41.3,41.8,41.45,32.26,736710
1454,2019-12-18,42.55,41.1,41.1,42.0,32.69,1629070
1455,2019-12-19,42.45,41.4,42.1,42.2,32.84,863880
1456,2019-12-20,42.8,42.0,42.0,42.75,33.27,712940
1457,2019-12-23,44.95,42.75,42.75,44.75,34.83,2442660
1458,2019-12-24,45.15,44.3,44.55,44.9,34.94,841520
1459,2019-12-25,45.25,44.1,44.1,45.2,35.18,585450
1460,2019-12-26,45.35,44.2,45.05,44.2,34.4,725840
1461,2019-12-27,46.2,44.0,44.2,46.2,35.96,1098010
1462,2019-12-30,47.15,46.0,46.3,46.1,35.88,959650
1463,2019-12-31,46.5,45.9,46.2,46.15,35.92,630410
1464,2020-01-02,47.2,45.9,46.0,46.9,36.5,872620
1465,2020-01-03,47.5,46.7,47.35,46.7,36.34,603940
1466,2020-01-06,46.7,45.8,46.7,45.8,35.64,794490
1467,2020-01-07,46.7,45.2,45.8,46.7,36.34,526890
1468,2020-01-08,47.9,45.8,46.0,47.1,36.66,1230830
1469,2020-01-09,49.9,47.6,47.75,49.65,38.64,1573190
1470,2020-01-10,52.0,49.6,49.65,51.3,39.92,1506410
1471,2020-01-13,51.5,49.5,49.9,50.1,38.99,544740
1472,2020-01-14,51.5,49.9,50.1,50.1,38.99,852200
1473,2020-01-15,51.3,49.9,49.9,51.0,39.69,695290
1474,2020-01-16,54.1,51.0,51.0,54.0,42.03,1004080
1475,2020-01-17,54.6,53.1,54.1,53.5,41.64,643490
1476,2020-01-20,54.2,53.2,53.5,53.3,41.48,761650
1477,2020-01-21,54.5,53.3,53.3,54.0,42.03,669600
1478,2020-01-22,55.8,53.8,54.0,55.5,43.19,811390
1479,2020-01-30,54.9,52.0,54.5,52.7,41.01,1388710
1480,2020-01-31,53.6,51.5,52.3,51.5,40.08,1154570
1481,2020-02-03,55.0,47.9,53.5,53.5,41.64,1562560
1482,2020-02-04,54.7,53.6,54.4,54.4,42.34,1806490
1483,2020-02-05,55.2,53.5,54.9,53.5,41.64,718710
1484,2020-02-06,54.1,53.0,53.4,53.2,41.4,1469930
1485,2020-02-07,53.3,51.6,52.7,51.7,40.24,1501140
1486,2020-02-10,51.2,49.1,50.9,49.1,38.21,1111680
1487,2020-02-11,51.4,49.1,49.1,50.8,39.54,917080
1488,2020-02-12,51.8,50.7,51.5,50.8,39.54,704550
1489,2020-02-13,51.0,49.9,50.7,50.4,39.22,578820
1490,2020-02-14,50.6,50.0,50.1,50.0,38.91,627040
1491,2020-02-17,51.5,50.1,50.2,51.5,40.08,863730
1492,2020-02-18,52.6,51.5,51.9,52.0,40.47,879430
1493,2020-02-19,52.1,51.2,52.0,51.3,39.92,372250
1494,2020-02-20,52.0,51.2,51.9,51.3,39.92,552810
1495,2020-02-21,51.3,48.75,51.3,49.5,38.52,2619020
1496,2020-02-24,48.8,46.3,48.2,46.3,36.03,1081210
1497,2020-02-25,48.8,45.0,45.0,48.8,37.98,878610
1498,2020-02-26,48.3,46.85,47.6,47.0,36.58,626350
1499,2020-02-27,47.7,46.45,47.0,47.1,36.66,722680
1500,2020-02-28,46.4,45.05,46.0,45.5,35.41,972320
1501,2020-03-02,45.9,45.0,45.9,45.15,35.14,568290
1502,2020-03-03,47.75,45.7,46.8,46.9,36.5,1016900
1503,2020-03-04,47.0,45.9,47.0,46.15,35.92,681350
1504,2020-03-05,47.25,46.5,46.55,46.65,36.31,872610
1505,2020-03-06,47.15,45.5,45.5,46.85,36.46,555990
1506,2020-03-09,44.7,43.6,43.7,43.6,33.93,944020
1507,2020-03-10,44.0,41.3,42.5,42.4,33.0,1366220
1508,2020-03-11,43.5,39.45,43.5,39.45,30.7,1522030
1509,2020-03-12,37.7,36.7,36.75,36.7,28.56,1531140
1510,2020-03-13,36.7,34.15,34.15,35.0,27.24,2330290
1511,2020-03-16,35.95,32.55,35.0,32.8,25.53,2191590
1512,2020-03-17,33.9,30.6,33.8,33.8,26.31,1774340
1513,2020-03-18,35.5,33.95,34.0,34.55,26.89,1743970
1514,2020-03-19,34.2,32.75,33.95,33.4,25.99,906470
1515,2020-03-20,34.05,32.9,33.6,33.1,25.76,771320
1516,2020-03-23,31.9,30.8,31.0,30.8,23.97,2728710
1517,2020-03-24,31.95,30.7,31.0,31.6,24.59,1227020
1518,2020-03-25,33.45,32.8,33.4,33.2,25.84,1611980
1519,2020-03-26,34.2,32.15,33.0,33.3,25.92,1148580
1520,2020-03-27,33.75,32.4,33.1,33.0,25.68,1128210
1521,2020-03-30,31.9,30.7,31.0,30.9,24.05,1369430
1522,2020-03-31,32.15,29.5,32.0,30.85,24.01,1018770
1523,2020-04-01,33.0,30.8,30.9,32.1,24.98,1190960
1524,2020-04-03,34.3,32.6,32.6,34.3,26.69,1969020
1525,2020-04-06,36.7,35.1,35.7,36.7,28.56,1881640
1526,2020-04-07,37.7,36.0,37.5,37.0,28.8,1793050
1527,2020-04-08,38.0,35.1,35.8,37.95,29.54,1456160
1528,2020-04-09,38.6,37.65,37.95,37.7,29.34,1349000
1529,2020-04-10,37.8,36.7,37.3,36.9,28.72,1268580
1530,2020-04-13,37.7,36.6,36.7,37.15,28.91,2585710
1531,2020-04-14,37.55,35.8,37.05,36.5,28.41,1220360
1532,2020-04-15,37.7,36.7,36.7,37.3,29.03,1107070
1533,2020-04-16,37.3,36.75,37.2,37.3,29.03,1210270
1534,2020-04-17,38.2,37.2,37.85,37.4,29.11,1151710
1535,2020-04-20,38.0,36.95,37.9,37.1,28.87,1371830
1536,2020-04-21,36.8,34.7,36.0,34.7,27.01,2238980
1537,2020-04-22,37.05,33.1,33.1,36.2,28.17,1413800
1538,2020-04-23,37.2,36.1,37.0,36.2,28.17,789930
1539,2020-04-24,36.45,35.3,36.45,36.0,28.02,592910
1540,2020-04-27,36.4,35.1,36.2,35.1,27.32,1205680
1541,2020-04-28,35.8,34.5,35.1,35.15,27.36,589490
1542,2020-04-29,35.9,35.0,35.6,35.6,27.71,595490
1543,2020-05-04,36.4,35.1,35.6,35.3,27.47,655630
1544,2020-05-05,35.8,35.2,35.3,35.3,27.47,427650
1545,2020-05-06,36.0,35.3,35.45,36.0,28.02,739320
1546,2020-05-07,37.6,36.3,36.3,37.55,29.22,2524450
1547,2020-05-08,39.3,37.55,37.95,38.0,29.57,2563570
1548,2020-05-11,39.0,37.95,38.5,38.5,29.96,1209730
1549,2020-05-12,38.65,37.95,38.3,38.55,30.0,1645960
1550,2020-05-13,39.8,37.8,38.3,39.6,30.82,2725900
1551,2020-05-14,40.5,39.0,39.0,39.7,30.9,1994890
1552,2020-05-15,40.1,38.4,39.8,38.6,30.04,1909780
1553,2020-05-18,38.9,38.0,38.45,38.9,30.27,1864370
1554,2020-05-19,39.9,38.9,39.9,39.1,30.43,1686240
1555,2020-05-20,39.3,38.5,39.0,39.15,30.47,900670
1556,2020-05-21,40.15,39.45,39.5,39.7,30.9,2474770
1557,2020-05-22,40.0,39.3,39.7,39.3,30.59,1140830
1558,2020-05-25,39.8,39.0,39.3,39.65,30.86,888300
1559,2020-05-26,42.0,39.75,39.75,42.0,32.69,2954120
1560,2020-05-27,42.75,39.8,42.75,39.8,30.97,2293240
1561,2020-05-28,40.95,39.8,40.0,40.7,31.68,1913890
1562,2020-05-29,40.5,39.8,40.4,40.1,31.21,1669730
1563,2020-06-01,41.55,40.25,40.3,41.45,32.26,1104330
1564,2020-06-02,41.9,40.5,41.5,40.55,31.56,1496600
1565,2020-06-03,41.2,40.5,40.9,41.0,31.91,896130
1566,2020-06-04,42.3,41.1,41.2,41.8,32.53,2013380
1567,2020-06-05,42.2,41.25,41.8,42.1,32.76,1216160
1568,2020-06-08,44.0,42.5,42.7,44.0,34.24,2487930
1569,2020-06-09,44.1,43.3,44.1,43.35,33.74,1119590
1570,2020-06-10,44.1,42.5,43.1,43.5,33.85,1297400
1571,2020-06-11,43.7,40.5,43.5,40.5,31.52,2386670
1572,2020-06-12,42.5,39.5,39.5,42.5,33.08,1913590
1573,2020-06-15,42.3,39.9,42.3,39.9,31.05,1503480
1574,2020-06-16,41.6,40.5,41.5,40.7,31.68,958780
1575,2020-06-17,41.1,39.85,40.7,40.3,31.36,817560
1576,2020-06-18,40.6,40.0,40.3,40.5,31.52,629450
1577,2020-06-19,41.45,40.7,41.2,41.45,32.26,720420
1578,2020-06-22,41.85,40.8,41.5,41.3,32.14,622920
1579,2020-06-23,41.35,40.5,41.05,40.7,31.68,1110100
1580,2020-06-24,41.2,40.2,40.7,40.3,31.36,692090
1581,2020-06-25,40.25,39.8,40.0,40.0,31.13,791820
1582,2020-06-26,40.9,39.7,40.9,39.9,31.05,717380
1583,2020-06-29,39.5,38.4,39.3,38.5,29.96,1454210
1584,2020-06-30,39.05,37.8,39.0,37.9,29.5,862060
1585,2020-07-01,39.4,37.9,37.9,39.2,30.51,989310
1586,2020-07-02,39.45,38.7,39.45,39.0,30.35,501500
1587,2020-07-03,39.3,38.8,39.25,39.1,30.43,547350
1588,2020-07-06,40.2,39.1,39.4,40.1,31.21,757690
1589,2020-07-07,40.85,40.25,40.4,40.6,31.6,1097570
1590,2020-07-08,40.7,40.0,40.5,40.55,31.56,768660
1591,2020-07-09,41.9,40.55,40.55,41.6,32.38,1531780
1592,2020-07-10,41.65,40.75,41.2,41.5,32.3,1030790
1593,2020-07-13,41.85,41.0,41.65,41.3,32.14,1039520
1594,2020-07-14,41.3,40.7,40.85,41.25,32.1,990800
1595,2020-07-15,41.7,41.3,41.7,41.35,32.18,690440
1596,2020-07-16,41.4,41.0,41.35,41.35,32.18,473290
1597,2020-07-17,41.85,41.4,41.4,41.6,32.38,1343600
1598,2020-07-20,41.75,40.8,40.8,40.8,31.75,832370
1599,2020-07-21,41.0,40.35,41.0,40.8,31.75,374580
1600,2020-07-22,41.0,39.5,41.0,40.0,31.13,750600
1601,2020-07-23,40.45,39.65,40.0,39.85,31.01,764300
1602,2020-07-24,39.85,37.75,39.85,38.2,29.73,1807770
1603,2020-07-27,37.8,35.55,36.0,35.55,27.67,1545430
1604,2020-07-28,37.85,36.0,36.0,37.85,29.46,1193550
1605,2020-07-29,37.2,35.8,36.8,36.95,28.76,725660
1606,2020-07-30,37.5,36.0,37.5,37.2,28.95,419920
1607,2020-07-31,37.25,36.0,36.0,36.65,28.52,479890
1608,2020-08-03,37.35,36.3,36.3,37.2,28.95,646640
1609,2020-08-04,38.0,37.5,38.0,37.9,29.5,494030
1610,2020-08-05,39.0,37.6,37.8,38.75,30.16,911970
1611,2020-08-06,38.9,38.2,38.65,38.25,29.77,597260
1612,2020-08-07,38.6,37.95,38.25,38.1,29.65,532060
1613,2020-08-10,38.7,38.1,38.45,38.1,29.65,534820
1614,2020-08-11,38.6,38.1,38.35,38.5,29.96,780760
1615,2020-08-12,39.35,38.6,38.6,39.2,30.51,963310
1616,2020-08-13,39.7,39.3,39.5,39.65,30.86,673490
1617,2020-08-14,39.6,38.8,39.35,39.0,30.35,985710
1618,2020-08-17,39.0,38.45,38.7,38.7,30.12,631010
1619,2020-08-18,39.0,38.4,39.0,38.4,29.89,663290
1620,2020-08-19,38.85,38.4,38.4,38.6,30.04,346360
1621,2020-08-20,38.85,38.25,38.6,38.25,29.77,859310
1622,2020-08-21,39.25,38.4,38.4,38.95,30.31,1098410
1623,2020-08-24,39.9,39.2,39.5,39.65,30.86,940780
1624,2020-08-25,40.0,39.4,39.9,39.5,30.74,886570
1625,2020-08-26,39.5,39.3,39.5,39.35,30.62,831700
1626,2020-08-27,39.4,39.0,39.3,39.1,30.43,1095260
1627,2020-08-28,41.0,39.3,39.5,40.55,31.56,3032570
1628,2020-08-31,41.3,40.55,40.6,40.95,31.87,2006450
1629,2020-09-01,41.4,40.4,40.5,41.4,32.22,2124220
1630,2020-09-03,42.2,41.2,41.5,42.2,32.84,3266170
1631,2020-09-04,42.3,41.25,41.3,42.1,32.76,2501840
1632,2020-09-07,42.2,40.6,42.2,40.6,31.6,2246440
1633,2020-09-08,41.0,40.05,40.8,40.85,31.79,1261510
1634,2020-09-09,40.95,40.1,40.2,40.8,31.75,804160
1635,2020-09-10,41.15,40.5,41.1,40.5,31.52,846810
1636,2020-09-11,40.65,40.25,40.5,40.45,31.48,773230
1637,2020-09-14,40.8,40.45,40.55,40.5,31.52,931340
1638,2020-09-15,41.2,40.4,40.7,40.75,31.71,1109810
1639,2020-09-16,40.9,40.45,40.9,40.55,31.56,546300
1640,2020-09-17,41.1,40.3,40.7,40.5,31.52,2048560
1641,2020-09-18,41.0,40.5,40.6,41.0,31.91,1751990
1642,2020-09-21,41.5,40.7,41.2,40.8,31.75,1525850
1643,2020-09-22,40.9,40.45,40.7,40.7,31.68,1160730
1644,2020-09-23,41.9,40.8,40.8,41.4,32.22,2105880
1645,2020-09-24,41.55,40.8,41.2,40.9,31.83,1523780
1646,2020-09-25,41.1,40.55,41.0,40.8,31.75,1334760
1647,2020-09-28,41.7,40.8,41.05,41.3,32.14,1952000
1648,2020-09-29,41.95,40.6,41.5,40.65,31.64,2022020
1649,2020-09-30,40.9,40.5,40.7,40.8,31.75,933550
1650,2020-10-01,41.15,40.8,40.8,40.95,31.87,1157830
1651,2020-10-02,41.45,38.5,41.0,40.65,31.64,1758990
1652,2020-10-05,41.0,40.2,41.0,40.4,31.44,1567920
1653,2020-10-06,40.8,40.3,40.55,40.45,31.48,1507790
1654,2020-10-07,40.9,40.3,40.4,40.45,31.48,1177720
1655,2020-10-08,40.65,39.8,40.6,40.4,31.44,1893390
1656,2020-10-09,40.5,40.1,40.3,40.35,31.4,849330
1657,2020-10-12,41.95,40.7,41.6,40.95,31.87,3533550
1658,2020-10-13,41.85,40.6,41.0,41.25,32.1,1980740
1659,2020-10-14,42.95,41.5,41.8,42.9,33.39,6821050
1660,2020-10-15,43.45,42.2,43.45,42.25,32.88,2957800
1661,2020-10-16,43.2,41.8,42.25,42.2,32.84,2411650
1662,2020-10-19,42.45,41.7,42.45,41.9,32.61,2690250
1663,2020-10-20,42.5,41.5,41.5,42.0,32.69,1923390
1664,2020-10-21,43.5,42.15,42.4,42.35,32.96,3019940
1665,2020-10-22,42.95,41.9,42.3,42.95,33.43,1733020
1666,2020-10-23,43.4,42.8,43.4,42.8,33.31,1940000
1667,2020-10-26,43.0,41.0,42.5,41.0,31.91,3379510
1668,2020-10-27,41.5,40.7,41.0,40.7,31.68,2635960
1669,2020-10-28,40.7,39.3,40.5,39.3,30.59,2899500
1670,2020-10-29,39.5,38.45,38.8,38.65,30.08,2823190
1671,2020-10-30,39.2,38.15,39.0,38.5,29.96,1678270
1672,2020-11-02,39.1,38.5,38.5,38.9,30.27,1084730
1673,2020-11-03,39.5,39.0,39.0,39.4,30.66,1035230
1674,2020-11-04,40.1,39.35,39.4,39.75,30.94,1077740
1675,2020-11-05,39.75,39.05,39.75,39.05,30.39,1280230
1676,2020-11-06,39.45,38.85,39.45,39.05,30.39,646660
1677,2020-11-09,39.45,39.1,39.45,39.25,30.55,1187610
1678,2020-11-10,40.0,39.4,39.85,39.4,30.66,1361190
1679,2020-11-11,39.65,39.15,39.4,39.4,30.66,723840
1680,2020-11-12,39.8,39.4,39.5,39.6,30.82,1126040
1681,2020-11-13,40.3,39.65,39.7,40.3,31.36,1833350
1682,2020-11-16,40.8,39.9,40.35,39.9,31.05,1939610
1683,2020-11-17,40.3,39.75,40.0,40.3,31.36,1455550
1684,2020-11-18,40.35,40.0,40.3,40.05,31.17,1572210
1685,2020-11-19,40.8,40.1,40.1,40.4,31.44,1787480
1686,2020-11-20,41.25,40.7,40.7,41.2,32.06,2522690
1687,2020-11-23,41.5,40.55,41.5,41.1,31.99,1315280
1688,2020-11-24,41.1,40.4,41.05,40.7,31.68,1958510
1689,2020-11-25,41.45,40.55,41.0,41.3,32.14,2775000
1690,2020-11-26,42.6,41.0,41.3,42.6,33.15,4356380
1691,2020-11-27,42.85,42.05,42.8,42.45,33.04,2323620
1692,2020-11-30,42.5,41.7,42.45,41.7,32.45,1808190
1693,2020-12-01,41.8,40.8,41.0,41.7,32.45,2913470
1694,2020-12-02,42.0,41.4,41.75,41.5,32.3,1833120
1695,2020-12-03,41.9,41.4,41.55,41.6,32.38,1936790
1696,2020-12-04,42.3,41.5,41.6,41.65,32.41,2563040
1697,2020-12-07,43.2,41.85,43.0,43.0,33.47,4120830
1698,2020-12-08,43.3,42.45,43.3,42.7,33.23,2151740
1699,2020-12-09,44.0,42.75,42.9,43.8,34.09,3679830
1700,2020-12-10,44.8,43.7,43.8,43.95,34.2,3830860
1701,2020-12-11,45.8,43.6,43.9,45.8,35.64,4566950
1702,2020-12-14,46.55,45.85,46.15,46.5,36.19,2935490
1703,2020-12-15,47.0,45.85,46.15,46.1,35.88,3422380
1704,2020-12-16,47.45,46.1,46.1,47.4,36.89,3093050
1705,2020-12-17,47.6,46.4,46.8,46.4,36.11,3894580
1706,2020-12-18,47.5,46.4,46.7,47.0,36.58,2432540
1707,2020-12-21,48.0,46.5,48.0,47.45,36.93,2476240
1708,2020-12-22,47.45,46.6,47.45,46.85,36.46,2735230
1709,2020-12-23,47.5,46.4,47.0,46.6,36.27,2105620
1710,2020-12-24,46.8,43.9,46.6,45.5,35.41,3135180
1711,2020-12-25,46.7,45.0,45.5,46.6,36.27,1562900
1712,2020-12-28,48.0,46.8,46.95,47.45,36.93,3156280
1713,2020-12-29,48.65,47.3,47.3,48.35,37.63,3031270
1714,2020-12-30,48.8,48.0,48.05,48.05,37.4,1442160
1715,2020-12-31,47.9,47.0,47.25,47.9,37.91,1342380
1716,2021-01-04,48.45,47.75,47.75,48.25,38.19,1993800
1717,2021-01-05,48.1,47.65,47.9,47.9,37.91,2155700
1718,2021-01-06,50.6,47.55,48.3,48.8,38.62,3674500
1719,2021-01-07,49.9,48.5,48.8,48.9,38.7,1781500
1720,2021-01-08,49.3,48.2,49.3,48.5,38.38,2034900
1721,2021-01-11,48.6,47.9,48.5,48.25,38.19,2758800
1722,2021-01-12,49.0,47.9,48.25,48.75,38.58,2189300
1723,2021-01-13,49.2,48.4,48.8,48.45,38.34,1650200
1724,2021-01-14,49.0,48.0,48.5,48.85,38.66,1904800
1725,2021-01-15,49.5,48.85,49.3,48.85,38.66,2404700
1726,2021-01-18,49.0,48.6,48.9,48.65,38.5,1685100
1727,2021-01-19,48.6,45.25,48.6,45.25,35.81,3808900
1728,2021-01-20,46.5,42.5,45.25,45.5,36.01,2306500
1729,2021-01-21,46.5,45.2,45.6,46.5,36.8,1390700
1730,2021-01-22,46.55,45.1,46.5,45.25,35.81,2211800
1731,2021-01-25,45.2,44.4,45.0,44.6,35.3,1371900
1732,2021-01-26,44.35,41.8,44.35,42.55,33.67,1836800
1733,2021-01-27,43.4,40.6,42.55,41.3,32.68,2102100
1734,2021-01-28,40.0,38.45,39.0,38.45,30.43,2692000
1735,2021-01-29,40.85,36.5,36.5,39.9,31.58,2008200
1736,2021-02-01,41.0,38.65,39.9,39.1,30.94,1545000
1737,2021-02-02,39.95,38.55,38.9,39.35,31.14,2531000
1738,2021-02-03,41.5,39.7,40.1,41.35,32.72,1851900
1739,2021-02-04,41.6,40.9,41.4,41.5,32.84,1468500
1740,2021-02-05,42.1,41.3,41.5,41.8,33.08,1313300
1741,2021-02-08,42.0,39.05,40.1,40.1,31.74,1914900
1742,2021-02-09,41.2,39.7,40.5,40.8,32.29,1448500
1743,2021-02-17,42.1,40.85,40.85,42.1,33.32,1439000
1744,2021-02-18,43.5,41.7,42.2,43.4,34.35,2339700
1745,2021-02-19,44.5,42.85,43.0,44.1,34.9,2027200
1746,2021-02-22,44.5,43.7,44.1,43.75,34.62,1573800
1747,2021-02-23,44.1,43.2,43.75,44.0,34.82,1558100
1748,2021-02-24,44.2,42.6,43.9,43.05,34.07,1640000
1749,2021-02-25,43.8,42.2,43.15,42.95,33.99,1733200
1750,2021-02-26,43.7,42.3,42.8,43.6,34.51,1404500
1751,2021-03-01,44.4,43.6,43.6,44.1,34.9,2251400
1752,2021-03-02,44.6,43.85,44.5,44.05,34.86,2124000
1753,2021-03-03,44.2,43.7,44.05,43.8,34.66,1583800
1754,2021-03-04,44.25,42.3,44.0,42.75,33.83,2089500
1755,2021-03-05,43.3,42.0,42.75,42.4,33.56,1857200
1756,2021-03-08,43.4,42.3,43.4,42.45,33.59,1595300
1757,2021-03-09,42.4,41.5,42.4,41.85,33.12,2430700
1758,2021-03-10,42.2,41.4,42.0,42.0,33.24,2085000
1759,2021-03-11,43.6,42.55,42.7,43.3,34.27,1672400
1760,2021-03-12,43.7,43.1,43.5,43.35,34.31,2536400
1761,2021-03-15,43.6,42.8,43.5,43.0,34.03,2779700
1762,2021-03-16,43.2,42.3,43.0,42.4,33.56,2223700
1763,2021-03-17,43.4,41.95,42.5,43.3,34.27,4346500
1764,2021-03-18,45.3,43.55,44.0,45.0,35.61,5666500
1765,2021-03-19,45.4,44.7,45.0,45.0,35.61,2885400
1766,2021-03-22,45.0,44.5,45.0,44.65,35.34,2562800
1767,2021-03-23,44.55,43.1,44.5,43.7,34.58,4549300
1768,2021-03-24,43.3,41.9,43.0,42.15,33.36,3521900
1769,2021-03-25,42.95,41.95,42.5,42.25,33.44,2369000
1770,2021-03-26,42.4,40.5,41.95,42.1,33.32,2445100
1771,2021-03-29,42.65,42.15,42.5,42.55,33.67,1347900
1772,2021-03-30,43.05,42.3,43.0,42.85,33.91,2304200
1773,2021-03-31,43.45,42.8,42.95,42.95,33.99,2170100
1774,2021-04-01,44.0,43.0,43.0,43.95,34.78,3706500
1775,2021-04-02,45.5,44.05,44.4,45.0,35.61,5794100
1776,2021-04-05,45.9,45.1,45.7,45.55,36.05,5969400
1777,2021-04-06,46.25,45.05,45.4,45.75,36.21,4113800
1778,2021-04-07,45.75,45.35,45.7,45.55,36.05,2609000
1779,2021-04-08,45.8,44.7,45.7,44.8,35.45,4412400
1780,2021-04-09,44.8,44.05,44.7,44.3,35.06,4489700
1781,2021-04-12,45.3,44.1,44.5,44.75,35.42,5149300
1782,2021-04-13,45.1,43.5,45.0,43.65,34.54,3952000
1783,2021-04-14,44.3,43.0,43.5,44.0,34.82,2839300
1784,2021-04-15,44.2,43.0,44.1,43.05,34.07,3705100
1785,2021-04-16,43.5,41.85,42.85,42.0,33.24,4667300
1786,2021-04-19,43.1,41.8,42.0,43.0,34.03,3194000
1787,2021-04-20,44.0,42.95,43.1,43.2,34.19,2676100
1788,2021-04-22,43.2,41.0,43.2,41.0,32.45,2929700
1789,2021-04-23,42.15,40.85,41.0,42.0,33.24,3078200
1790,2021-04-26,42.0,40.5,41.75,40.5,32.05,3328300
1791,2021-04-27,40.8,40.2,40.5,40.35,31.93,1978500
1792,2021-04-28,40.9,40.35,40.35,40.6,32.13,1379200
1793,2021-04-29,41.9,40.6,40.6,41.0,32.45,1949100
1794,2021-05-04,41.8,40.0,40.0,41.3,32.68,2171900
1795,2021-05-05,42.35,41.5,41.7,41.9,33.16,2692200
1796,2021-05-06,41.9,41.2,41.9,41.25,32.65,2246100
1797,2021-05-07,41.2,40.5,40.6,40.65,32.17,3706600
1798,2021-05-10,41.5,40.35,40.5,41.4,32.76,3027800
1799,2021-05-11,43.5,41.8,42.0,42.1,33.32,5349300
1800,2021-05-12,42.7,41.8,42.0,42.65,33.75,3331500
1801,2021-05-13,43.4,42.0,42.5,42.6,33.71,3483900
1802,2021-05-14,43.0,42.3,42.8,42.35,33.52,2724600
1803,2021-05-17,43.0,41.7,42.5,41.8,33.08,2992400
1804,2021-05-18,41.7,40.8,41.7,40.9,32.37,3903100
1805,2021-05-19,41.4,40.6,41.0,40.9,32.37,2872100
1806,2021-05-20,41.9,40.0,40.9,41.85,33.12,3495000
1807,2021-05-21,44.75,41.85,42.0,44.75,35.42,13027500
1808,2021-05-24,46.4,45.5,45.5,46.0,36.4,6994100
1809,2021-05-25,46.85,45.45,46.0,46.7,36.96,6329600
1810,2021-05-26,47.1,46.2,46.7,46.65,36.92,7369800
1811,2021-05-27,46.8,45.05,46.8,45.4,35.93,5882300
1812,2021-05-28,47.7,44.9,45.6,47.15,37.31,7857000
1813,2021-05-31,48.8,47.5,47.8,48.7,38.54,5647900
1814,2021-06-01,49.0,48.0,48.85,48.0,37.99,4096100
1815,2021-06-02,47.95,47.2,47.3,47.4,37.51,6063600
1816,2021-06-03,49.5,47.4,47.8,48.8,38.62,6715400
1817,2021-06-04,49.5,48.0,48.7,49.0,38.78,5939600
1818,2021-06-07,48.6,45.6,48.5,46.8,37.04,5295100
1819,2021-06-08,47.2,44.7,46.9,44.8,35.45,5685400
1820,2021-06-09,45.7,44.0,45.0,45.45,35.97,4454300
1821,2021-06-10,45.6,43.9,45.45,43.9,34.74,4483400
1822,2021-06-11,45.25,43.5,44.0,45.2,35.77,6390300
1823,2021-06-14,45.6,44.65,45.5,44.9,35.53,3394300
1824,2021-06-15,45.15,44.0,44.75,44.9,35.53,3257000
1825,2021-06-16,46.7,44.2,44.7,45.3,35.85,4217600
1826,2021-06-17,46.35,44.6,44.6,45.9,36.33,3579300
1827,2021-06-18,46.5,45.7,46.25,46.15,36.52,3200200
1828,2021-06-21,46.0,44.85,45.9,45.0,35.61,4237600
1829,2021-06-22,45.45,44.9,45.3,45.0,35.61,2811900
1830,2021-06-23,46.4,44.9,44.9,45.4,35.93,2574200
1831,2021-06-24,45.9,45.0,45.4,45.2,35.77,2110700
1832,2021-06-25,46.0,44.7,45.1,45.55,36.05,2572300
1833,2021-06-28,47.1,45.65,46.0,46.9,37.12,6685100
1834,2021-06-29,47.9,46.6,47.0,46.9,37.12,3945700
1835,2021-06-30,47.45,46.85,46.9,47.25,37.39,4101800
1836,2021-07-01,47.65,46.85,47.5,47.3,37.43,4601600
1837,2021-07-02,47.75,46.9,47.5,47.05,37.24,4204700
1838,2021-07-05,47.05,45.2,47.05,46.65,36.92,3489500
1839,2021-07-06,48.6,44.0,46.9,44.0,34.82,6896000
1840,2021-07-07,45.65,43.6,44.5,45.5,36.01,3943600
1841,2021-07-08,46.15,44.95,45.5,45.8,36.25,2127400
1842,2021-07-09,46.0,44.0,45.2,44.9,35.53,3587800
1843,2021-07-12,44.6,41.8,44.6,42.0,33.24,6021800
1844,2021-07-13,42.75,41.55,42.5,42.4,33.56,1982500
1845,2021-07-14,42.7,41.0,42.5,42.6,33.71,1788900
1846,2021-07-15,43.15,42.0,42.05,42.7,33.79,1793200
1847,2021-07-16,43.0,42.5,42.8,42.5,33.63,1416400
1848,2021-07-19,41.9,39.65,41.1,39.65,31.38,2980800
1849,2021-07-20,41.0,38.9,39.7,41.0,32.45,2713600
1850,2021-07-21,41.4,40.5,41.4,40.7,32.21,1157700
1851,2021-07-22,41.1,40.6,40.6,41.0,32.45,1700900
1852,2021-07-23,41.5,40.2,40.9,40.2,31.81,1823500
1853,2021-07-26,40.35,39.5,40.0,40.0,31.66,1436900
1854,2021-07-27,40.8,40.15,40.4,40.2,31.81,1428900
1855,2021-07-28,40.5,40.0,40.2,40.5,32.05,1233300
1856,2021-07-29,41.0,40.6,40.8,41.0,32.45,1179900
1857,2021-07-30,41.35,40.95,41.3,41.1,32.53,2031500
1858,2021-08-02,42.95,42.0,42.0,42.55,33.67,3961400
1859,2021-08-03,43.35,42.1,42.3,43.35,34.31,2765600
1860,2021-08-04,43.5,42.7,43.4,43.0,34.03,2111700
1861,2021-08-05,43.5,42.3,42.6,42.95,33.99,2116600
1862,2021-08-06,43.4,42.6,42.95,42.9,33.95,1868300
1863,2021-08-09,43.15,42.35,42.55,43.15,34.15,1743800
1864,2021-08-10,43.5,43.15,43.25,43.3,34.27,1825400
1865,2021-08-11,44.1,42.9,43.3,43.1,34.11,2739100
1866,2021-08-12,43.4,42.8,43.35,42.8,33.87,1709400
1867,2021-08-13,43.0,41.8,42.65,42.55,33.67,2309600
1868,2021-08-16,43.5,42.0,42.35,43.3,34.27,3286300
1869,2021-08-17,43.6,42.8,43.6,42.95,33.99,3475300
1870,2021-08-18,43.0,42.5,42.9,42.65,33.75,1514500
1871,2021-08-19,42.6,42.15,42.6,42.5,33.63,1803900
1872,2021-08-20,42.9,40.0,42.6,40.5,32.05,4363500
1873,2021-08-23,40.8,39.3,40.5,39.3,31.1,2742300
1874,2021-08-24,39.7,38.9,39.3,39.4,31.18,2797900
1875,2021-08-25,39.55,39.0,39.5,39.45,31.22,1103600
1876,2021-08-26,39.65,38.0,39.65,38.6,30.55,2045600
1877,2021-08-27,39.0,37.8,38.5,38.7,30.63,1906500
1878,2021-08-30,39.5,38.8,39.0,39.45,31.22,1759587
1879,2021-08-31,39.6,38.95,39.6,38.95,30.83,1902700
1880,2021-09-01,39.1,38.65,38.8,39.0,30.86,1357900
1881,2021-09-06,39.5,38.95,39.05,39.1,30.94,1364600
1882,2021-09-07,40.2,39.15,39.3,39.7,31.42,1709800
1883,2021-09-08,40.4,39.5,40.2,39.6,31.34,1620900
1884,2021-09-09,39.8,39.55,39.6,39.8,31.5,839800
1885,2021-09-10,40.0,39.6,40.0,39.65,31.38,793800
1886,2021-09-13,39.65,39.0,39.65,39.15,30.98,1734700
1887,2021-09-14,39.15,38.6,39.1,38.7,30.63,1415300
1888,2021-09-15,39.0,38.6,38.6,38.8,30.71,1055100
1889,2021-09-16,39.5,39.05,39.1,39.4,31.18,1465600
1890,2021-09-17,40.45,39.6,39.6,40.0,31.66,1816280
1891,2021-09-20,40.3,39.9,40.05,39.9,31.58,1957000
1892,2021-09-21,39.8,39.2,39.5,39.65,31.38,1524100
1893,2021-09-22,39.9,39.1,39.6,39.6,31.34,1267800
1894,2021-09-23,39.9,39.45,39.8,39.45,31.22,1084600
1895,2021-09-24,39.8,39.45,39.5,39.7,31.42,997080
1896,2021-09-27,40.1,39.2,39.7,39.4,31.18,1210800
1897,2021-09-28,40.35,39.2,39.4,40.1,31.74,2187700
1898,2021-09-29,40.05,39.3,40.05,39.9,31.58,1183100
1899,2021-09-30,40.0,39.35,39.85,39.45,31.22,1097300
1900,2021-10-01,39.45,38.8,39.3,38.8,30.71,1848810
1901,2021-10-04,39.6,38.5,38.85,38.9,30.79,1055100
1902,2021-10-05,39.55,39.0,39.0,39.3,31.1,730100
1903,2021-10-06,40.0,39.3,39.5,39.4,31.18,813300
1904,2021-10-07,39.5,39.15,39.4,39.15,30.98,1021500
1905,2021-10-08,39.4,39.15,39.15,39.2,31.02,978100
1906,2021-10-11,40.0,39.4,39.6,40.0,31.66,1760100
1907,2021-10-12,40.75,40.05,40.2,40.25,31.85,1985900
1908,2021-10-13,40.45,39.6,40.3,39.9,31.58,1423600
1909,2021-10-14,39.95,39.55,39.9,39.55,31.3,1060700
1910,2021-10-15,39.85,39.5,39.55,39.5,31.26,1104900
1911,2021-10-18,40.05,39.0,39.5,39.3,31.1,1795500
1912,2021-10-19,40.55,39.0,39.3,40.05,31.7,2212300
1913,2021-10-20,40.2,39.3,40.05,39.75,31.46,1079600
1914,2021-10-21,39.9,39.5,39.75,39.5,31.26,632200
1915,2021-10-22,39.7,39.3,39.5,39.3,31.1,1054900
1916,2021-10-25,39.6,39.2,39.6,39.2,31.02,889700
1917,2021-10-26,39.4,39.15,39.2,39.2,31.02,697200
1918,2021-10-27,39.95,39.25,39.25,39.9,31.58,1412900
1919,2021-10-28,40.2,39.7,40.0,39.85,31.54,1237100
1920,2021-10-29,41.7,39.9,40.0,41.5,32.84,3905300
1921,2021-11-01,42.1,41.6,42.0,41.8,33.08,3293200
1922,2021-11-02,42.5,41.6,41.8,41.95,33.2,1597700
1923,2021-11-03,44.1,42.0,42.3,43.05,34.07,6141700
1924,2021-11-04,44.25,42.7,43.15,44.0,34.82,4380200
1925,2021-11-05,44.4,43.25,44.0,43.6,34.51,1940900
1926,2021-11-08,44.4,43.15,43.6,43.9,34.74,2686800
1927,2021-11-09,44.15,43.0,44.0,43.0,34.03,3341000
1928,2021-11-10,43.5,42.35,43.1,43.0,34.03,2138500
1929,2021-11-11,43.5,42.2,43.4,42.8,33.87,2441800
1930,2021-11-12,43.3,42.35,42.35,43.2,34.19,1878000
1931,2021-11-15,43.5,42.0,43.35,42.8,33.87,1523300
1932,2021-11-16,43.1,42.45,42.7,42.8,33.87,1266900
1933,2021-11-17,43.8,42.45,42.65,43.6,34.51,2444800
1934,2021-11-18,44.9,43.4,44.0,44.5,35.22,3510800
1935,2021-11-19,46.05,42.0,44.55,44.4,35.14,4055100
1936,2021-11-22,46.2,44.0,44.4,45.55,36.05,4942900
1937,2021-11-23,45.5,44.2,45.5,44.7,35.38,1795000
1938,2021-11-24,46.1,44.6,44.95,46.05,36.44,4127600
1939,2021-11-25,46.4,45.3,46.4,45.35,35.89,2706800
1940,2021-11-26,46.2,44.0,46.1,45.45,35.97,4132100
1941,2021-11-29,45.0,44.1,44.5,44.5,35.22,3560500
1942,2021-11-30,45.65,43.6,44.9,44.4,35.14,2562100
1943,2021-12-01,44.7,43.7,44.4,44.3,35.06,1755700
1944,2021-12-02,45.4,44.0,44.25,44.2,34.98,1367300
1945,2021-12-03,44.5,42.0,44.5,42.0,33.24,2199100
1946,2021-12-06,43.0,41.65,43.0,41.95,33.2,2858100
1947,2021-12-07,43.75,42.05,42.05,43.6,34.51,1653500
1948,2021-12-08,44.3,43.45,43.7,44.0,34.82,1145000
1949,2021-12-09,44.15,43.55,43.95,44.0,34.82,1008500
1950,2021-12-10,45.2,44.3,44.3,44.6,35.3,2064600
1951,2021-12-13,45.8,45.1,45.5,45.5,36.01,2477500
1952,2021-12-14,45.7,45.2,45.7,45.3,35.85,1739800
1953,2021-12-15,45.5,44.75,45.2,44.9,35.53,1453900
1954,2021-12-16,45.0,44.0,45.0,44.9,35.53,1674500
1955,2021-12-17,45.5,44.1,44.9,44.9,35.53,1880500
1956,2021-12-20,44.95,44.5,44.8,44.6,35.3,1256500
1957,2021-12-21,44.65,43.8,44.5,43.8,34.66,2787700
1958,2021-12-22,44.25,42.95,44.0,43.3,34.27,2856600
1959,2021-12-23,34.9,33.7,34.8,34.5,34.5,2318800
1960,2021-12-24,35.4,34.5,34.5,35.0,35.0,1525000
1961,2021-12-27,35.5,35.0,35.2,35.3,35.3,1202100
1962,2021-12-28,35.5,34.9,35.5,35.2,35.2,1359900
1963,2021-12-29,35.55,35.1,35.55,35.2,35.2,1581600
1964,2021-12-30,35.7,35.2,35.4,35.4,35.4,987000
1965,2021-12-31,37.7,35.5,35.6,37.1,37.1,4857000
1966,2022-01-04,38.0,37.25,37.6,37.4,37.4,1769200
1967,2022-01-05,37.9,36.9,37.9,37.05,37.05,1922200
1968,2022-01-06,38.8,36.25,36.5,38.0,38.0,5998800
1969,2022-01-07,39.45,37.65,38.65,39.2,39.2,4367700
1970,2022-01-10,40.3,38.8,39.2,38.85,38.85,3180600
1971,2022-01-11,39.9,38.3,38.8,39.4,39.4,4276500
1972,2022-01-12,42.15,39.4,39.4,42.15,42.15,8028300
1973,2022-01-13,45.1,42.5,42.5,44.0,44.0,9714800
1974,2022-01-14,45.1,43.3,43.3,44.25,44.25,3265400
1975,2022-01-17,47.0,43.6,44.0,43.65,43.65,7861100
1976,2022-01-18,45.45,43.4,43.4,44.9,44.9,4849200
1977,2022-01-19,45.8,43.55,45.05,43.75,43.75,2537600
1978,2022-01-20,44.55,42.25,43.1,44.4,44.4,3037300
1979,2022-01-21,48.8,46.5,47.05,47.35,47.35,4570000
1980,2022-01-24,48.5,46.85,46.9,46.9,46.9,4165100
1981,2022-01-25,49.0,45.9,46.3,49.0,49.0,4703200
1982,2022-01-26,49.95,48.1,49.5,48.1,48.1,4052900
1983,2022-01-27,48.5,47.4,48.0,47.6,47.6,1921100
1984,2022-01-28,49.0,47.3,47.6,47.95,47.95,2956900
1985,2022-02-07,48.6,47.2,48.4,47.4,47.4,3477200
1986,2022-02-08,48.4,46.5,47.4,47.35,47.35,2672600
1987,2022-02-09,48.9,47.0,47.3,48.4,48.4,4562000
1988,2022-02-10,48.9,48.0,48.6,48.4,48.4,2741500
1989,2022-02-11,48.5,47.8,48.2,47.9,47.9,1716100
1990,2022-02-14,47.6,44.75,47.2,44.75,44.75,7129000
1991,2022-02-15,46.3,44.4,44.85,46.2,46.2,3694100
1992,2022-02-16,46.1,44.7,46.1,45.15,45.15,2795800
1993,2022-02-17,46.0,44.7,45.7,46.0,46.0,1790200
1994,2022-02-18,46.05,44.7,45.45,44.7,44.7,2995400
1995,2022-02-21,45.45,43.7,44.8,45.25,45.25,2957200
1996,2022-02-22,46.0,44.7,44.9,46.0,46.0,2290300
1997,2022-02-23,46.9,45.5,46.5,45.6,45.6,2954000
1998,2022-02-24,45.55,43.6,45.3,44.6,44.6,3385900
1999,2022-02-25,45.6,44.5,44.6,44.55,44.55,2347500
2000,2022-02-28,44.55,43.7,44.3,43.7,43.7,2699000
2001,2022-03-01,45.0,43.6,43.75,44.1,44.1,2395600
2002,2022-03-02,44.0,42.35,43.7,42.45,42.45,3090100
2003,2022-03-03,43.2,42.0,42.35,42.8,42.8,2473700
2004,2022-03-04,43.5,42.5,42.8,43.3,43.3,1660800
2005,2022-03-07,42.8,42.15,42.8,42.25,42.25,2266100
2006,2022-03-08,42.55,41.4,41.8,41.6,41.6,2585800
2007,2022-03-09,41.9,40.5,41.6,40.5,40.5,1970700
2008,2022-03-10,42.0,40.95,41.5,40.95,40.95,1563100
2009,2022-03-11,41.85,40.95,40.95,41.85,41.85,1476500
2010,2022-03-14,42.2,41.3,41.85,41.3,41.3,1337300
2011,2022-03-15,42.2,41.0,41.3,42.1,42.1,1515300
2012,2022-03-16,42.3,41.5,42.3,41.6,41.6,1331400
2013,2022-03-17,44.25,41.0,42.2,43.5,43.5,5819900
2014,2022-03-18,44.6,43.5,43.7,43.9,43.9,2786600
2015,2022-03-21,44.1,43.3,43.9,43.8,43.8,1279000
2016,2022-03-22,43.95,43.2,43.8,43.5,43.5,2825000
2017,2022-03-23,44.4,43.15,43.45,43.4,43.4,1995900
2018,2022-03-24,43.45,43.0,43.4,43.1,43.1,1287000
2019,2022-03-25,43.85,42.6,43.15,43.45,43.45,1969000
2020,2022-03-28,43.45,41.45,43.0,41.6,41.6,3983900
2021,2022-03-29,42.5,41.5,41.7,42.4,42.4,1733800
2022,2022-03-30,45.0,41.7,42.1,43.55,43.55,3512800
2023,2022-03-31,43.95,43.4,43.75,43.5,43.5,1444000
2024,2022-04-01,44.5,43.4,43.5,44.35,44.35,3165900
2025,2022-04-04,44.95,44.25,44.95,44.25,44.25,2081900
2026,2022-04-05,43.8,43.15,43.5,43.3,43.3,2905000
2027,2022-04-06,43.8,42.65,43.0,43.5,43.5,3242600
2028,2022-04-07,44.35,43.05,43.5,43.05,43.05,3152800
2029,2022-04-08,43.2,41.8,43.0,41.9,41.9,3146100
2030,2022-04-12,42.3,40.45,42.3,40.45,40.45,3187500
2031,2022-04-13,41.4,40.1,40.5,40.9,40.9,1996100
2032,2022-04-14,41.4,40.5,41.4,40.5,40.5,1890900
2033,2022-04-15,41.2,39.0,40.6,39.3,39.3,2508700
2034,2022-04-18,39.7,37.8,39.55,37.95,37.95,2820600
2035,2022-04-19,39.2,37.5,38.35,37.95,37.95,2322500
2036,2022-04-20,38.8,37.85,37.95,37.95,37.95,1458300
2037,2022-04-21,38.75,37.65,37.9,38.5,38.5,2094100
2038,2022-04-22,39.1,38.0,38.6,38.5,38.5,2628900
2039,2022-04-25,38.6,35.85,38.5,35.85,35.85,2945400
2040,2022-04-26,37.25,35.15,35.15,36.9,36.9,1857800
2041,2022-04-27,37.5,36.45,37.0,37.2,37.2,748100
2042,2022-04-28,37.2,36.7,37.2,36.7,36.7,974900
2043,2022-04-29,37.75,36.8,36.85,37.25,37.25,1518600
2044,2022-05-04,37.7,36.95,37.25,37.25,37.25,1561000
2045,2022-05-05,38.2,37.0,37.6,38.2,38.2,1990600
2046,2022-05-06,37.85,37.0,37.35,37.0,37.0,1606200
2047,2022-05-09,36.9,34.45,36.6,34.45,34.45,2414100
2048,2022-05-10,35.9,33.5,34.1,35.8,35.8,1727600
2049,2022-05-11,36.1,35.05,35.75,36.1,36.1,862900
2050,2022-05-12,35.8,33.6,35.4,33.6,33.6,1507900
2051,2022-05-13,34.0,31.8,33.8,31.8,31.8,2353900
2052,2022-05-16,33.25,32.2,33.2,32.2,32.2,1280700
2053,2022-05-17,34.45,32.05,32.5,34.45,34.45,1175800
2054,2022-05-18,35.5,34.2,34.9,34.9,34.9,1288800
2055,2022-05-19,35.0,33.9,34.0,34.65,34.65,895100
2056,2022-05-20,34.9,34.3,34.4,34.5,34.5,1128100
2057,2022-05-23,34.7,33.0,34.4,33.35,33.35,1002800
2058,2022-05-24,33.85,33.1,33.7,33.75,33.75,768000
2059,2022-05-25,35.1,34.0,34.0,34.9,34.9,1066800
2060,2022-05-26,35.75,35.0,35.6,35.1,35.1,1194100
2061,2022-05-27,35.4,34.9,35.1,35.3,35.3,891000
2062,2022-05-30,35.85,35.2,35.5,35.75,35.75,1088100
2063,2022-05-31,35.6,35.0,35.5,35.3,35.3,1027300
2064,2022-06-01,35.55,34.95,35.1,35.15,35.15,1071100
2065,2022-06-02,35.2,34.5,35.15,34.7,34.7,905200
2066,2022-06-03,34.75,34.0,34.7,34.35,34.35,570700
2067,2022-06-06,34.65,33.8,34.35,34.2,34.2,918800
2068,2022-06-07,34.2,33.1,34.1,33.6,33.6,1172500
2069,2022-06-08,34.8,33.65,33.7,34.3,34.3,982900
2070,2022-06-09,34.75,34.1,34.35,34.5,34.5,594400
2071,2022-06-10,34.3,33.8,34.05,33.8,33.8,916000
2072,2022-06-13,33.35,31.95,33.05,31.95,31.95,1446900
2073,2022-06-14,32.8,31.1,31.9,32.3,32.3,1178900
2074,2022-06-15,32.5,31.0,32.0,32.0,32.0,1366100
2075,2022-06-16,32.8,32.0,32.0,32.3,32.3,1621500
2076,2022-06-17,31.95,31.2,31.95,31.6,31.6,1218700
2077,2022-06-20,31.8,29.5,31.7,29.5,29.5,972600
2078,2022-06-21,30.65,28.95,29.1,30.3,30.3,1403700
2079,2022-06-22,31.6,29.8,30.3,30.5,30.5,1532700
2080,2022-06-23,31.0,30.05,30.5,31.0,31.0,422300
2081,2022-06-24,32.25,31.1,31.2,31.2,31.2,1328200
2082,2022-06-27,31.8,31.15,31.3,31.75,31.75,826300
2083,2022-06-28,33.95,31.6,31.6,33.65,33.65,2512700
2084,2022-06-29,34.9,33.0,33.0,34.9,34.9,2412200
2085,2022-06-30,35.0,33.5,35.0,33.5,33.5,1498400
2086,2022-07-01,35.7,32.1,32.9,35.05,35.05,3520700
2087,2022-07-04,35.75,34.9,35.5,35.05,35.05,1827500
2088,2022-07-05,37.5,35.0,35.05,36.3,36.3,4953559
2089,2022-07-06,36.9,35.5,35.8,35.6,35.6,2751616
2090,2022-07-07,36.65,34.3,35.4,36.3,36.3,2824700
2091,2022-07-08,36.45,35.0,36.4,35.0,35.0,1979400
2092,2022-07-11,35.15,33.0,34.9,34.5,34.5,2058500
2093,2022-07-12,36.5,34.2,34.35,36.4,36.4,1671000
2094,2022-07-13,37.2,35.8,36.2,36.05,36.05,2657100
2095,2022-07-14,36.9,35.75,35.8,36.15,36.15,1504200
2096,2022-07-15,36.75,35.8,36.1,35.8,35.8,1387300
2097,2022-07-18,36.0,35.4,36.0,35.5,35.5,1698400
2098,2022-07-19,35.85,35.0,35.5,35.65,35.65,1081900
2099,2022-07-20,36.9,35.95,36.2,36.4,36.4,1587800
2100,2022-07-21,36.85,36.2,36.2,36.5,36.5,1519100
2101,2022-07-22,36.9,35.5,36.9,35.5,35.5,1247400
2102,2022-07-25,35.9,34.8,35.5,35.4,35.4,1196800
2103,2022-07-26,36.0,35.5,35.8,35.55,35.55,1090800
2104,2022-07-27,35.65,35.0,35.55,35.55,35.55,725200
2105,2022-07-28,36.85,35.7,36.0,36.5,36.5,2049800
2106,2022-07-29,37.9,36.65,36.7,37.3,37.3,4174700
2107,2022-08-01,39.0,37.3,37.4,39.0,39.0,3367400
2108,2022-08-02,39.0,38.2,38.6,38.5,38.5,1951800
2109,2022-08-03,39.3,37.9,37.95,39.3,39.3,2146200
2110,2022-08-04,39.65,38.5,39.3,39.3,39.3,2421700
2111,2022-08-05,39.2,38.5,39.2,39.0,39.0,1029400
2112,2022-08-08,39.25,38.7,39.0,38.8,38.8,987900
2113,2022-08-09,39.2,38.6,38.8,38.65,38.65,1567700
2114,2022-08-10,38.8,38.4,38.5,38.4,38.4,987000
2115,2022-08-11,39.3,38.2,39.0,38.3,38.3,1834100
2116,2022-08-12,39.2,38.15,38.3,39.2,39.2,1639000
2117,2022-08-15,41.15,39.3,39.3,41.0,41.0,3772200
2118,2022-08-16,41.1,40.5,40.95,40.5,40.5,981400
2119,2022-08-17,40.6,40.0,40.5,40.0,40.0,1394900
2120,2022-08-18,40.1,39.6,39.7,39.6,39.6,1480900
2121,2022-08-19,40.0,39.2,39.55,39.35,39.35,1451800
2122,2022-08-22,39.35,38.35,39.35,38.45,38.45,1761800
2123,2022-08-23,39.5,38.2,38.35,39.5,39.5,1732500
2124,2022-08-24,39.8,38.95,39.7,39.3,39.3,969800
2125,2022-08-25,39.5,38.95,39.0,39.3,39.3,1272100
2126,2022-08-26,40.15,39.3,39.3,39.4,39.4,2006200
2127,2022-08-29,39.3,38.15,38.6,39.0,39.0,1345400
2128,2022-08-30,40.45,39.0,39.05,39.8,39.8,2704700
2129,2022-08-31,40.2,39.6,39.8,40.0,40.0,1622100
2130,2022-09-05,40.05,39.25,40.0,39.5,39.5,803800
2131,2022-09-06,40.55,39.45,39.5,40.05,40.05,1779600
2132,2022-09-07,39.9,37.8,39.9,37.8,37.8,3012000
2133,2022-09-08,38.35,36.6,37.9,36.7,36.7,2190400
2134,2022-09-09,37.1,36.15,36.7,37.0,37.0,1111000
2135,2022-09-12,37.5,36.8,37.0,36.9,36.9,937800
2136,2022-09-13,37.25,36.65,36.9,36.8,36.8,840200
2137,2022-09-14,36.5,35.95,36.0,36.5,36.5,933100
2138,2022-09-15,36.8,35.65,36.5,35.75,35.75,1945600
2139,2022-09-16,36.2,35.5,36.0,35.5,35.5,974900
2140,2022-09-19,35.45,34.1,35.45,34.2,34.2,1276000
2141,2022-09-20,35.25,34.3,34.3,35.15,35.15,1116600
2142,2022-09-21,35.1,34.75,34.8,34.75,34.75,837400
2143,2022-09-22,35.3,34.45,34.55,35.15,35.15,977300
2144,2022-09-23,35.6,34.5,35.6,34.75,34.75,785400
2145,2022-09-26,34.25,32.4,34.1,33.4,33.4,2016400
2146,2022-09-27,34.05,33.0,33.5,33.7,33.7,607300
2147,2022-09-28,33.9,33.35,33.7,33.5,33.5,777900
2148,2022-09-29,34.1,33.45,34.0,33.5,33.5,1000100
2149,2022-09-30,33.9,32.3,32.8,33.9,33.9,1817900
2150,2022-10-03,33.6,31.55,33.1,31.55,31.55,1573400
2151,2022-10-04,32.05,30.9,32.0,31.0,31.0,1195400
2152,2022-10-05,32.0,31.3,31.8,31.8,31.8,864200
2153,2022-10-06,31.95,31.0,31.95,31.0,31.0,915800
2154,2022-10-07,30.6,28.9,30.5,29.2,29.2,1716300
2155,2022-10-10,30.45,28.0,28.15,30.0,30.0,1000800
2156,2022-10-11,30.0,28.5,30.0,28.5,28.5,1192900
2157,2022-10-12,30.45,28.7,29.0,30.45,30.45,1476600
2158,2022-10-13,32.45,30.45,30.55,32.45,32.45,1698700
2159,2022-10-14,33.2,32.6,33.0,33.0,33.0,1720800
2160,2022-10-17,32.95,31.7,32.95,32.7,32.7,1089600
2161,2022-10-18,33.45,32.7,33.0,32.8,32.8,882400
2162,2022-10-19,33.5,32.4,32.8,33.0,33.0,1062800
2163,2022-10-20,34.0,32.5,32.6,33.15,33.15,1476325
2164,2022-10-21,33.15,32.1,33.15,32.6,32.6,1657300
2165,2022-10-24,32.95,30.35,32.95,30.35,30.35,1374200
2166,2022-10-25,32.45,29.3,30.0,31.3,31.3,1464500
2167,2022-10-26,32.5,31.3,31.5,31.7,31.7,684000
2168,2022-10-27,33.9,31.8,31.8,33.9,33.9,2310800
2169,2022-10-28,34.95,33.8,34.3,33.8,33.8,2106200
2170,2022-10-31,34.85,33.7,33.8,34.55,34.55,2917500
2171,2022-11-01,35.15,34.0,34.6,34.05,34.05,1615200
