Attributes,high,low,open,close,adjust,volume
Symbols,VND,VND,VND,VND,VND,VND
date,,,,,,
2020-01-02,14.45,14.05,14.05,14.45,2.18,58580
2020-01-03,14.45,14.15,14.45,14.4,2.17,163940
2020-01-06,14.4,14.1,14.2,14.3,2.16,149130
2020-01-07,14.3,14.1,14.3,14.3,2.16,68060
2020-01-08,14.15,13.8,14.1,14.1,2.12,233880
2020-01-09,14.25,14.1,14.1,14.25,2.15,92680
2020-01-10,14.3,14.2,14.25,14.3,2.16,89810
2020-01-13,14.35,14.2,14.3,14.3,2.16,109370
2020-01-14,14.35,14.05,14.05,14.25,2.15,116130
2020-01-15,14.35,14.15,14.25,14.2,2.14,109910
2020-01-16,14.4,14.1,14.35,14.4,2.17,128120
2020-01-17,14.45,14.0,14.45,14.45,2.18,198600
2020-01-20,14.55,14.3,14.3,14.45,2.18,1952730
2020-01-21,14.5,14.4,14.5,14.5,2.19,151950
2020-01-22,15.1,14.5,14.6,15.1,2.28,441020
2020-01-30,15.0,14.5,15.0,14.95,2.25,217470
2020-01-31,14.9,14.3,14.5,14.7,2.22,271930
2020-02-03,14.55,13.7,14.0,14.0,2.11,854260
2020-02-04,14.0,13.35,14.0,14.0,2.11,617580
2020-02-05,14.1,13.7,13.9,14.1,2.12,104530
2020-02-06,14.2,13.35,14.1,14.1,2.12,210290
2020-02-07,14.2,13.8,14.0,14.05,2.12,158540
2020-02-10,14.0,13.8,13.85,13.85,2.09,31640
2020-02-11,14.15,13.7,13.75,14.15,2.13,173340
2020-02-12,14.3,13.95,14.0,14.3,2.16,313910
2020-02-13,14.25,14.0,14.25,14.15,2.13,65030
2020-02-14,14.2,13.9,14.15,14.2,2.14,137900
2020-02-17,14.35,14.0,14.2,14.3,2.16,231090
2020-02-18,14.3,13.8,14.3,14.2,2.14,605060
2020-02-19,14.2,13.85,13.9,14.2,2.14,258870
2020-02-20,14.15,13.85,14.0,14.1,2.12,203430
2020-02-21,14.05,13.8,13.9,14.05,2.12,328310
2020-02-24,13.8,13.2,13.7,13.55,2.04,563990
2020-02-25,13.7,13.2,13.25,13.7,2.06,471360
2020-02-26,13.65,13.25,13.4,13.65,2.06,304540
2020-02-27,13.7,13.3,13.4,13.7,2.06,3216890
2020-02-28,13.5,13.1,13.4,13.5,2.03,283960
2020-03-02,13.5,13.25,13.3,13.5,2.03,213020
2020-03-03,13.8,13.3,13.5,13.8,2.08,519750
2020-03-04,13.75,13.4,13.55,13.75,2.07,342750
2020-03-05,13.75,13.5,13.75,13.75,2.07,166170
2020-03-06,13.75,13.55,13.55,13.75,2.07,237500
2020-03-09,13.5,12.8,13.45,13.5,2.03,1249660
2020-03-10,13.5,12.85,12.9,13.5,2.03,585660
2020-03-11,14.4,12.9,13.4,14.4,2.17,389190
2020-03-12,14.35,13.4,14.35,13.4,2.02,2044240
2020-03-13,13.3,12.5,12.5,13.3,2.0,665130
2020-03-16,13.2,12.5,12.9,13.2,1.99,657000
2020-03-17,13.25,12.45,13.2,13.2,1.99,351090
2020-03-18,13.2,12.8,12.85,13.0,1.96,298780
2020-03-19,12.95,12.45,12.7,12.95,1.95,414640
2020-03-20,12.95,12.55,12.65,12.7,1.91,5185470
2020-03-23,12.0,11.85,11.9,11.85,1.79,164420
2020-03-24,11.8,11.05,11.05,11.5,1.73,379870
2020-03-25,11.85,11.25,11.5,11.7,1.76,413700
2020-03-26,11.5,10.9,11.4,11.5,1.73,606350
2020-03-27,11.5,10.7,11.0,11.45,1.73,380090
2020-03-30,11.4,10.65,10.75,11.35,1.71,338160
2020-03-31,11.35,10.7,10.8,11.35,1.71,365190
2020-04-01,11.4,10.85,10.85,11.1,1.67,4153430
2020-04-03,11.4,11.0,11.1,11.15,1.68,482440
2020-04-06,11.5,11.1,11.15,11.4,1.72,1161690
2020-04-07,11.4,10.95,11.4,11.3,1.7,772910
2020-04-08,11.2,10.8,11.0,11.0,1.66,761880
2020-04-09,11.75,10.9,11.0,11.5,1.73,1567080
2020-04-10,11.65,11.2,11.6,11.5,1.73,1020600
2020-04-13,11.7,11.35,11.5,11.35,1.71,740970
2020-04-14,11.4,11.1,11.4,11.25,1.7,811380
2020-04-15,11.55,11.25,11.25,11.35,1.71,713990
2020-04-16,11.8,11.2,11.4,11.7,1.76,1085770
2020-04-17,12.25,11.9,11.95,12.25,1.85,1563540
2020-04-20,12.35,11.8,12.3,11.8,1.78,1054800
2020-04-21,11.5,11.0,11.2,11.0,1.66,1768960
2020-04-22,11.45,10.45,10.5,11.15,1.68,1755810
2020-04-23,11.35,10.95,11.2,11.1,1.67,885930
2020-04-24,11.15,10.75,11.15,10.9,1.64,3545210
2020-04-27,11.15,10.9,11.0,10.95,1.65,653770
2020-04-28,11.0,10.7,11.0,10.85,1.64,918860
2020-04-29,11.0,10.8,10.95,10.95,1.65,341480
2020-05-04,10.9,10.75,10.9,10.75,1.62,462800
2020-05-05,10.8,10.65,10.75,10.7,1.61,259120
2020-05-06,10.9,10.65,10.7,10.9,1.64,418620
2020-05-07,11.05,10.8,10.9,11.0,1.66,775900
2020-05-08,11.4,11.1,11.1,11.15,1.68,1099470
2020-05-11,11.8,11.4,11.8,11.8,1.78,1691260
2020-05-12,12.4,11.8,11.9,12.25,1.85,2214440
2020-05-13,12.25,11.8,12.0,12.05,1.82,997180
2020-05-14,12.4,11.7,11.8,12.25,1.85,1533990
2020-05-15,12.3,11.9,12.3,11.95,1.8,998670
2020-05-18,12.05,11.8,11.9,12.0,1.81,613630
2020-05-19,12.4,12.1,12.35,12.2,1.84,941120
2020-05-20,12.2,11.95,12.05,12.2,1.84,366980
2020-05-21,12.2,12.05,12.2,12.1,1.82,285510
2020-05-22,12.7,12.05,12.1,12.4,1.87,1275900
2020-05-25,12.7,12.4,12.4,12.65,1.91,901770
2020-05-26,13.2,12.7,12.7,13.15,1.98,918430
2020-05-27,13.45,12.75,13.4,12.75,1.92,875430
2020-05-28,12.9,12.55,12.75,12.75,1.92,640500
2020-05-29,12.85,12.45,12.5,12.75,1.92,698280
2020-06-01,13.0,12.8,12.85,13.0,1.96,563870
2020-06-02,13.15,12.75,13.15,12.9,1.94,707380
2020-06-03,13.0,12.8,13.0,12.95,1.95,2499560
2020-06-04,13.75,13.15,13.15,13.6,2.05,1762950
2020-06-05,13.85,13.4,13.5,13.75,2.07,553840
2020-06-08,14.2,13.85,14.1,14.0,2.11,1140330
2020-06-09,14.0,13.6,13.9,13.65,2.06,1098390
2020-06-10,13.85,13.3,13.7,13.75,2.07,1226160
2020-06-11,13.8,12.9,13.75,13.0,1.96,1294510
2020-06-12,12.9,12.4,12.4,12.9,1.94,864890
2020-06-15,13.0,12.0,13.0,12.2,1.84,900520
2020-06-16,13.05,12.25,12.25,13.05,1.97,828960
2020-06-17,13.15,12.85,13.0,13.05,1.97,2149160
2020-06-18,13.05,12.7,12.7,12.9,1.94,291580
2020-06-19,13.2,12.9,12.9,13.2,1.99,471300
2020-06-22,13.3,13.05,13.3,13.2,1.99,276600
2020-06-23,13.95,13.35,13.4,13.8,2.08,1651840
2020-06-24,14.0,13.5,13.8,13.55,2.04,2809590
2020-06-25,13.6,13.1,13.25,13.6,2.05,318100
2020-06-26,13.95,13.3,13.6,13.65,2.06,2648840
2020-06-29,13.45,12.85,13.3,13.15,1.98,666910
2020-06-30,13.3,12.65,13.2,13.15,1.98,629280
2020-07-01,13.35,12.9,13.2,13.2,1.99,419100
2020-07-02,13.2,12.95,13.05,13.05,1.97,189460
2020-07-03,13.1,12.9,13.1,13.0,1.96,268380
2020-07-06,13.3,12.95,13.0,13.2,1.99,318760
2020-07-07,13.4,13.0,13.2,13.15,1.98,422370
2020-07-08,13.15,12.95,13.0,13.1,1.97,364340
2020-07-09,13.3,13.1,13.1,13.3,2.0,399830
2020-07-10,13.45,13.15,13.3,13.15,1.98,421530
2020-07-13,13.3,13.15,13.15,13.3,2.0,323140
2020-07-14,13.5,13.2,13.3,13.5,2.03,502170
2020-07-15,13.65,13.35,13.5,13.4,2.02,265590
2020-07-16,13.5,13.2,13.4,13.3,2.0,260060
2020-07-17,13.35,13.2,13.25,13.25,2.0,352990
2020-07-20,12.95,12.7,12.7,12.7,1.99,417590
2020-07-21,12.8,12.6,12.8,12.65,1.98,405240
2020-07-22,12.75,12.4,12.7,12.5,1.96,422740
2020-07-23,12.55,12.1,12.55,12.55,1.97,433550
2020-07-24,12.55,11.7,12.55,12.0,1.88,819470
2020-07-27,11.5,11.2,11.2,11.2,1.75,1469170
2020-07-28,11.7,11.1,11.1,11.65,1.82,736100
2020-07-29,11.5,10.85,11.3,11.35,1.78,3897930
2020-07-30,11.5,11.3,11.3,11.45,1.79,356500
2020-07-31,11.3,10.85,10.9,11.2,1.75,445280
2020-08-03,11.45,11.0,11.0,11.35,1.78,693140
2020-08-04,11.6,11.35,11.5,11.5,1.8,980220
2020-08-05,11.75,11.4,11.45,11.6,1.82,403550
2020-08-06,11.65,11.4,11.5,11.45,1.79,486460
2020-08-07,11.5,11.35,11.45,11.45,1.79,418890
2020-08-10,11.65,11.45,11.45,11.5,1.8,1021100
2020-08-11,11.7,11.5,11.5,11.65,1.82,500210
2020-08-12,11.75,11.55,11.65,11.7,1.83,331820
2020-08-13,11.8,11.65,11.7,11.75,1.84,1304080
2020-08-14,11.8,11.5,11.75,11.6,1.82,707820
2020-08-17,11.6,11.45,11.6,11.6,1.82,317530
2020-08-18,11.6,11.4,11.55,11.4,1.79,713530
2020-08-19,11.6,11.35,11.4,11.6,1.82,2322170
2020-08-20,11.6,11.4,11.5,11.5,1.8,300950
2020-08-21,11.65,11.45,11.5,11.6,1.82,548280
2020-08-24,11.95,11.65,11.65,11.85,1.86,938740
2020-08-25,12.0,11.85,11.9,11.85,1.86,918510
2020-08-26,11.95,11.8,11.9,11.95,1.87,613280
2020-08-27,12.0,11.85,11.9,11.95,1.87,577010
2020-08-28,12.4,12.0,12.05,12.15,1.9,1251080
2020-08-31,12.3,12.0,12.15,12.05,1.89,399230
2020-09-01,12.2,12.0,12.05,12.15,1.9,272710
2020-09-03,12.3,12.1,12.25,12.15,1.9,393090
2020-09-04,12.45,11.75,11.95,12.25,1.92,896660
2020-09-07,12.6,12.1,12.3,12.15,1.9,963940
2020-09-08,12.35,12.1,12.25,12.35,1.93,372930
2020-09-09,12.45,12.1,12.25,12.35,1.93,2770750
2020-09-10,12.55,12.4,12.45,12.45,1.95,566500
2020-09-11,12.5,12.35,12.45,12.5,1.96,365890
2020-09-14,12.7,12.55,12.55,12.65,1.98,471780
2020-09-15,12.75,12.6,12.65,12.75,2.0,2501320
2020-09-16,12.75,12.65,12.65,12.65,1.98,1179800
2020-09-17,12.7,12.55,12.65,12.65,1.98,557070
2020-09-18,13.1,12.65,12.65,12.95,2.03,4551700
2020-09-21,13.3,13.0,13.2,13.1,2.05,1970920
2020-09-22,13.4,12.95,13.0,13.3,2.08,2042820
2020-09-23,13.7,13.35,13.5,13.5,2.11,2297410
2020-09-24,13.55,13.3,13.4,13.45,2.11,1981430
2020-09-25,13.6,13.3,13.6,13.4,2.1,2722580
2020-09-28,13.85,13.4,13.6,13.75,2.15,4893560
2020-09-29,13.85,13.45,13.8,13.5,2.11,2814600
2020-09-30,13.5,13.35,13.5,13.5,2.11,1686350
2020-10-01,14.4,13.6,13.6,14.25,2.23,3568650
2020-10-02,14.3,13.7,14.25,14.25,2.23,1899860
2020-10-05,15.2,14.3,14.3,15.2,2.38,2012050
2020-10-06,15.9,15.2,15.35,15.4,2.41,2056770
2020-10-07,15.4,15.15,15.3,15.35,2.4,1300100
2020-10-08,15.4,15.15,15.35,15.35,2.4,1208280
2020-10-09,16.0,15.35,15.4,15.95,2.5,1651430
2020-10-12,16.35,15.6,16.25,15.8,2.47,1501100
2020-10-13,15.7,15.35,15.7,15.45,2.42,3551600
2020-10-14,15.85,15.4,15.45,15.85,2.48,932500
2020-10-15,16.1,15.55,15.95,15.85,2.48,1129040
2020-10-16,16.15,15.65,15.95,15.9,2.49,1007500
2020-10-19,16.25,15.85,16.1,16.0,2.51,1518840
2020-10-20,16.1,15.7,15.95,16.0,2.51,740320
2020-10-21,16.35,15.8,16.2,15.9,2.49,2169430
2020-10-22,16.05,15.5,15.65,16.05,2.51,1031670
2020-10-23,16.1,15.85,16.1,16.0,2.51,5729406
2020-10-26,16.15,15.6,16.1,15.6,2.44,1219060
2020-10-27,15.7,15.2,15.4,15.35,2.4,9863800
2020-10-28,15.35,14.5,15.2,14.85,2.33,3003290
2020-10-29,15.1,14.55,14.65,15.0,2.35,1315700
2020-10-30,15.05,14.55,15.0,14.8,2.32,578120
2020-11-02,15.5,14.8,14.8,15.3,2.4,694450
2020-11-03,15.55,15.3,15.45,15.35,2.4,741780
2020-11-04,15.85,15.35,15.35,15.85,2.48,1807620
2020-11-05,16.0,15.55,15.65,15.7,2.46,774120
2020-11-06,15.8,15.5,15.7,15.75,2.47,522050
2020-11-09,16.2,15.9,16.2,16.05,2.51,1177300
2020-11-10,17.15,15.95,16.2,17.15,2.69,3648830
2020-11-11,17.35,16.95,17.3,17.3,2.71,3324230
2020-11-12,17.35,17.0,17.05,17.3,2.71,1201560
2020-11-13,17.55,17.2,17.25,17.3,2.71,1920860
2020-11-16,17.45,16.7,17.45,17.0,2.66,2739290
2020-11-17,17.35,16.95,17.3,17.25,2.7,2228540
2020-11-18,17.8,17.25,17.3,17.7,2.77,2531760
2020-11-19,17.85,17.4,17.85,17.45,2.73,1775440
2020-11-20,17.5,16.9,17.5,17.1,2.68,2473330
2020-11-23,17.65,16.8,16.8,17.25,2.7,2397310
2020-11-24,17.55,16.85,17.35,17.15,2.69,1913760
2020-11-25,17.45,17.05,17.2,17.2,2.69,2121780
2020-11-26,17.45,17.1,17.2,17.45,2.73,1382100
2020-11-27,18.3,17.5,17.5,18.2,2.85,4105760
2020-11-30,18.5,18.05,18.3,18.25,2.86,2184210
2020-12-01,18.85,17.9,18.0,18.85,2.95,2697080
2020-12-02,19.2,18.75,19.05,18.95,2.97,2715600
2020-12-03,19.25,18.85,19.0,19.0,2.98,1685990
2020-12-04,19.0,18.55,18.9,18.7,2.93,2019080
2020-12-07,19.25,18.7,19.2,19.2,3.01,2450440
2020-12-08,20.35,19.2,19.2,20.0,3.13,2964430
2020-12-09,20.5,20.1,20.5,20.1,3.15,5861930
2020-12-10,20.15,19.6,20.0,19.6,3.07,2687230
2020-12-11,20.5,19.4,19.6,20.4,3.19,2487620
2020-12-14,21.8,20.65,20.9,21.8,3.41,3575780
2020-12-15,23.05,21.8,21.95,22.9,3.59,5093050
2020-12-16,23.45,22.65,22.9,22.85,3.58,6839210
2020-12-17,22.95,22.45,22.6,22.6,3.54,2875390
2020-12-18,24.15,22.6,22.9,24.15,3.78,2673400
2020-12-21,25.8,25.1,25.3,25.8,4.04,3689970
2020-12-22,27.6,26.3,26.5,27.5,4.31,4346060
2020-12-23,27.95,26.7,27.2,27.05,4.24,2727410
2020-12-24,27.5,25.2,27.2,27.0,4.23,4368660
2020-12-25,28.85,27.0,27.15,28.85,4.52,5644860
2020-12-28,30.5,29.2,30.5,30.0,4.7,5559280
2020-12-29,30.5,29.25,29.65,29.8,4.67,3610220
2020-12-30,29.8,29.0,29.4,29.4,4.6,4235310
2020-12-31,30.95,29.4,29.6,30.0,4.7,3940730
2021-01-04,31.4,30.6,31.0,30.6,4.79,3176700
2021-01-05,30.65,29.8,30.0,30.1,4.71,6240500
2021-01-06,31.1,29.7,30.85,29.95,4.69,4625800
2021-01-07,30.3,29.4,30.2,30.0,4.7,5525400
2021-01-08,30.5,29.4,30.5,29.6,4.64,5535100
2021-01-11,29.85,28.25,29.6,28.3,4.43,8837500
2021-01-12,30.15,27.7,27.9,29.65,4.64,4924700
2021-01-13,29.7,28.75,29.65,28.95,4.53,5478700
2021-01-14,30.95,28.4,29.0,30.7,4.81,8409700
2021-01-15,31.95,30.7,30.95,31.75,4.97,7625000
2021-01-18,31.8,30.5,31.75,30.65,4.8,5247400
2021-01-19,30.5,28.55,30.5,28.55,4.47,8998810
2021-01-20,29.2,26.6,28.65,28.2,4.42,4753700
2021-01-21,29.0,27.7,28.9,28.95,4.53,4865500
2021-01-22,29.1,27.8,28.85,27.95,4.38,5370000
2021-01-25,28.8,26.85,27.05,27.9,4.37,5321200
2021-01-26,27.8,26.0,27.7,26.1,4.09,3815900
2021-01-27,25.6,24.3,25.0,24.3,3.81,7629200
2021-01-28,23.0,22.6,22.6,22.6,3.54,9726000
2021-01-29,24.1,21.1,21.1,23.45,3.67,4554700
2021-02-01,24.0,21.85,23.4,21.9,3.43,3785000
2021-02-02,23.2,21.3,21.9,23.0,3.6,4189300
2021-02-03,24.6,23.5,23.7,24.6,3.85,3510000
2021-02-04,25.8,24.6,25.0,25.5,3.99,3733400
2021-02-05,26.5,25.45,25.6,26.35,4.13,2666100
2021-02-08,27.8,24.55,26.0,26.0,4.07,5741200
2021-02-09,27.3,25.6,27.1,27.1,4.24,3529800
2021-02-17,28.3,27.45,27.8,28.0,4.39,4231700
2021-02-18,28.1,27.4,28.0,27.5,4.31,4212200
2021-02-19,28.0,27.0,27.0,27.6,4.32,3782900
2021-02-22,27.95,27.15,27.7,27.35,4.28,3538900
2021-02-23,28.0,26.9,27.35,27.55,4.31,6547200
2021-02-24,28.45,27.1,28.2,27.8,4.35,4958600
2021-02-25,28.0,27.4,28.0,27.85,4.36,2660300
2021-02-26,27.8,27.1,27.2,27.7,4.34,3021600
2021-03-01,29.2,27.7,28.1,29.2,4.57,6744300
2021-03-02,29.85,28.6,29.8,29.0,4.54,5250100
2021-03-03,29.2,28.6,28.8,28.85,4.52,3461900
2021-03-04,28.9,27.0,28.9,27.7,4.34,5102600
2021-03-05,27.7,26.8,27.45,27.5,4.31,4979400
2021-03-08,28.95,28.2,28.5,28.7,4.49,5799400
2021-03-09,28.55,27.5,28.4,28.25,4.42,2815400
2021-03-10,28.7,27.75,28.15,28.7,4.49,5635500
2021-03-11,30.4,28.85,29.2,29.8,4.67,11731900
2021-03-12,29.9,28.95,29.8,29.4,4.6,3838000
2021-03-15,29.45,29.0,29.4,29.1,4.56,6037800
2021-03-16,29.1,28.05,29.1,28.5,4.46,10038800
2021-03-17,29.0,28.25,28.45,28.75,4.5,3153300
2021-03-18,29.8,29.05,29.2,29.8,4.67,6202500
2021-03-19,30.85,30.0,30.1,30.75,4.82,10393100
2021-03-22,30.85,30.2,30.8,30.4,4.76,4491500
2021-03-23,30.15,29.15,30.15,29.55,4.63,6802100
2021-03-24,29.25,28.0,28.6,28.9,4.53,7029400
2021-03-25,29.2,28.2,28.9,28.9,4.53,3836500
2021-03-26,28.9,27.4,28.35,28.75,4.5,5036800
2021-03-29,29.2,28.8,29.0,29.1,4.56,3734600
2021-03-30,30.25,29.05,29.4,30.2,4.73,7527600
2021-04-05,33.2,32.0,33.2,33.2,5.2,4535497
2021-04-06,36.5,33.2,36.5,33.3,5.22,16546000
2021-04-07,34.5,32.6,33.3,34.0,5.32,8929760
2021-04-08,36.5,34.0,34.1,35.5,5.56,7745721
2021-04-09,36.2,35.0,35.5,35.7,5.59,6657053
2021-04-12,37.3,35.3,35.7,37.3,5.92,11134977
2021-04-13,38.2,36.1,37.3,36.2,5.75,11907669
2021-04-14,37.2,35.3,36.2,37.1,5.89,7796438
2021-04-15,37.3,35.6,36.8,36.1,5.73,7804307
2021-04-16,37.0,34.5,36.1,37.0,5.88,9237562
2021-04-19,37.9,36.3,37.1,37.3,5.92,4237035
2021-04-20,37.5,36.0,37.5,36.1,5.73,5350973
2021-04-22,37.4,35.0,36.1,35.0,5.56,8171694
2021-04-23,36.3,34.8,35.0,36.3,5.77,5407960
2021-04-26,36.5,34.8,36.1,34.8,5.53,4536336
2021-04-27,35.5,31.4,34.5,35.1,5.58,3247990
2021-04-28,36.3,34.9,35.1,35.7,5.67,4428616
2021-04-29,36.7,35.7,35.7,36.2,5.75,4559417
2021-05-04,37.2,34.0,36.0,37.1,5.89,5671521
2021-05-05,39.4,36.2,37.1,38.5,6.12,9866633
2021-05-06,38.9,37.8,38.5,38.4,6.1,4719036
2021-05-07,40.4,37.9,38.3,39.5,6.27,8490187
2021-05-10,41.5,39.0,39.5,41.5,6.59,5463708
2021-05-11,42.5,40.5,41.6,40.5,6.43,7067746
2021-05-12,41.7,39.7,40.5,41.6,6.61,5180271
2021-05-13,42.5,40.9,41.6,41.3,6.56,5680841
2021-05-14,41.8,40.5,41.3,41.0,6.51,4736187
2021-05-17,41.5,40.5,41.0,40.8,6.48,3858968
2021-05-18,42.5,40.6,41.0,41.1,6.53,6006200
2021-05-19,42.9,41.0,41.3,42.8,6.8,3991016
2021-05-20,45.5,42.6,42.8,44.5,7.07,4194738
2021-05-21,45.2,43.4,44.5,44.3,7.04,4967588
2021-05-24,45.4,43.7,44.3,45.1,7.16,4872150
2021-05-25,46.0,44.4,45.1,45.6,7.24,3228154
2021-05-26,46.1,45.2,45.6,45.6,7.24,2376201
2021-05-27,45.6,43.0,45.6,44.3,7.04,4481023
2021-05-28,46.2,44.0,44.3,46.0,7.31,3687305
2021-05-31,50.0,46.0,46.0,49.7,7.89,4728438
2021-06-01,50.8,48.5,49.9,50.7,8.05,6461153
2021-06-02,55.7,49.7,50.7,55.7,8.85,6742399
2021-06-03,61.2,56.0,61.0,61.2,9.72,7968997
2021-06-04,63.5,59.0,61.5,60.4,9.59,6440423
2021-06-07,60.8,55.0,60.4,57.0,9.05,8622570
2021-06-08,58.9,52.4,57.0,52.4,8.32,10053746
2021-06-09,57.6,51.4,52.4,57.6,9.15,7271578
2021-06-10,39.7,37.4,39.7,37.7,14.99,18162646
2021-06-11,40.4,37.2,37.7,39.8,15.82,10810833
2021-06-14,43.7,39.8,43.4,43.5,17.29,9754469
2021-06-15,45.5,42.1,43.5,44.7,17.77,9589137
2021-06-16,44.7,41.8,44.7,42.7,16.97,8979945
2021-06-17,44.0,39.0,42.0,43.9,17.45,5730490
2021-06-18,45.0,43.0,43.9,43.7,17.37,4362739
2021-06-22,42.8,42.0,42.0,42.1,16.74,4363249
2021-06-23,43.5,41.5,42.4,42.9,17.05,4698198
2021-06-24,43.6,42.2,43.0,42.7,16.97,2669624
2021-06-25,45.2,42.5,42.7,45.0,17.89,10503774
2021-06-28,46.5,45.0,45.0,45.5,18.09,6238496
2021-06-29,46.3,44.5,45.6,45.2,17.97,6120638
2021-06-30,45.3,44.4,45.2,44.4,17.65,6558306
2021-07-01,46.8,44.4,45.0,46.4,18.44,9761270
2021-07-02,50.0,46.3,46.6,48.4,19.24,10394466
2021-07-05,49.0,46.4,48.4,47.5,18.88,6437607
2021-07-06,48.0,42.8,47.5,42.8,17.01,8253283
2021-07-07,44.5,41.4,41.8,44.5,17.69,10311958
2021-07-08,45.0,43.2,45.0,43.6,17.33,5632004
2021-07-09,43.9,40.9,43.8,41.8,16.62,8178591
2021-07-12,42.4,37.7,42.0,37.8,15.03,12624165
2021-07-13,39.7,37.8,37.8,39.7,15.78,5583077
2021-07-14,40.4,38.0,39.9,38.9,15.46,3790983
2021-07-15,41.9,38.2,38.7,41.2,16.38,5057619
2021-07-16,41.8,40.7,41.2,40.9,16.26,4041742
2021-07-19,40.6,37.7,40.6,37.8,15.03,6827094
2021-07-20,41.4,37.2,37.9,41.4,16.46,8131743
2021-07-21,42.5,40.7,41.4,41.4,16.46,5935084
2021-07-22,43.8,40.8,41.4,43.2,17.17,7825009
2021-07-23,43.3,41.7,43.2,41.7,16.58,9274088
2021-07-26,42.3,37.7,40.5,41.9,16.66,6107720
2021-07-27,44.8,42.0,42.0,43.5,17.29,12719290
2021-07-28,44.3,43.2,43.2,43.6,17.33,6224726
2021-07-29,45.9,43.8,43.8,45.9,18.25,10322188
2021-07-30,46.8,45.3,45.9,46.1,18.33,13201108
2021-08-02,46.8,45.3,46.1,46.0,18.29,9274100
2021-08-03,49.9,45.7,46.0,49.9,19.84,18641928
2021-08-04,50.7,49.2,49.9,49.8,19.8,9117850
2021-08-05,51.6,49.1,49.8,51.2,20.35,9282408
2021-08-06,51.4,50.1,51.2,50.1,19.92,11160850
2021-08-09,53.3,49.0,50.1,52.0,20.67,11066293
2021-08-10,52.7,50.9,52.1,51.3,20.39,10327826
2021-08-11,51.6,50.0,51.3,50.0,19.88,11038689
2021-08-12,50.7,49.0,49.9,49.6,19.72,8372003
2021-08-13,51.5,49.2,49.3,51.4,20.43,9345121
2021-08-16,53.9,51.4,51.4,53.1,21.11,12986403
2021-08-17,53.0,51.8,53.0,52.7,20.95,19239735
2021-08-18,54.6,52.2,53.3,53.3,21.19,14505474
2021-08-19,54.3,52.9,53.5,54.1,21.51,9325584
2021-08-20,54.8,52.0,54.1,53.0,21.07,22719662
2021-08-23,54.5,52.2,53.0,53.3,21.19,13922489
2021-08-24,53.5,48.3,53.3,50.0,19.88,24852753
2021-08-25,51.5,48.6,49.5,51.5,20.47,10331771
2021-08-26,51.7,50.0,51.3,50.8,20.19,9119266
2021-08-27,51.0,49.1,50.7,50.6,20.11,9465544
2021-09-06,52.0,49.9,51.3,50.6,20.11,12143400
2021-09-07,52.9,51.0,51.0,52.0,20.67,10610300
2021-09-08,53.4,52.0,53.2,52.5,20.87,8451300
2021-09-09,52.9,52.0,52.0,52.9,21.03,6363800
2021-09-10,54.4,52.8,53.2,53.7,21.35,11560900
2021-09-13,54.5,52.5,53.6,54.1,21.51,11285400
2021-09-14,54.3,53.1,54.0,53.1,21.11,6666400
2021-09-15,53.7,52.1,52.1,53.5,21.27,7532900
2021-09-16,53.7,52.6,53.7,52.7,20.95,3973200
2021-09-17,55.5,52.6,52.8,54.3,21.58,12264200
2021-09-20,55.3,53.5,54.9,53.6,21.31,7074700
2021-09-21,53.4,52.1,52.9,52.9,21.03,7346100
2021-09-22,53.5,52.0,53.0,53.4,21.23,5520200
2021-09-23,54.5,53.2,53.9,53.6,21.31,5563600
2021-09-24,53.6,52.6,53.2,52.6,20.91,3081300
2021-09-27,53.0,50.2,52.7,50.2,19.95,9127300
2021-09-28,51.7,49.7,50.1,51.5,20.47,4841200
2021-09-29,51.2,50.4,51.0,50.8,20.19,6041800
2021-09-30,51.5,50.4,50.9,51.0,20.27,3715400
2021-10-01,51.1,49.5,50.5,49.5,19.68,8117149
2021-10-04,49.2,47.8,49.05,48.5,19.28,8838100
2021-10-05,51.3,49.1,49.3,50.6,20.11,7805500
2021-10-06,51.0,50.3,51.0,50.6,20.11,3933600
2021-10-07,51.5,49.9,50.8,51.0,20.27,5153900
2021-10-08,51.8,50.8,51.1,51.3,20.39,4484500
2021-10-11,52.5,51.3,51.8,52.3,20.79,4150000
2021-10-12,52.5,51.7,52.5,51.9,20.63,4307100
2021-10-13,52.4,50.9,52.0,51.3,20.39,3530400
2021-10-14,52.0,50.6,51.3,51.3,20.39,8615700
2021-10-15,52.0,51.3,51.5,51.5,20.47,4621300
2021-10-18,53.4,51.4,51.6,53.1,21.11,10765000
2021-10-19,54.5,52.7,53.2,53.6,21.31,6728100
2021-10-20,54.0,52.2,54.0,53.0,21.07,6096900
2021-10-21,53.6,52.5,53.6,53.0,21.07,4457900
2021-10-22,53.1,51.9,53.0,52.2,20.75,6356300
2021-10-25,52.1,50.6,52.0,50.6,20.11,7923400
2021-10-26,51.4,49.75,50.0,51.2,20.35,6410700
2021-10-27,53.5,51.2,51.8,53.5,21.27,7643200
2021-10-28,57.0,54.1,54.2,56.3,22.38,17276700
2021-10-29,57.6,55.7,56.8,57.0,22.66,8913600
2021-11-01,59.5,57.1,57.5,59.1,23.49,11197400
2021-11-02,61.5,58.1,59.1,60.6,24.09,9053900
2021-11-03,61.7,59.3,60.6,59.8,23.77,10855700
2021-11-04,63.9,60.0,60.7,63.9,25.4,12258000
2021-11-05,65.6,64.2,65.6,64.4,25.6,7194400
2021-11-08,68.5,64.5,64.5,67.7,26.91,10452075
2021-11-09,69.5,66.8,67.1,69.5,27.63,7885500
2021-11-10,70.8,68.2,70.5,69.4,27.59,8375000
2021-11-11,71.2,66.8,70.0,68.6,27.27,14276800
2021-11-12,70.0,68.0,69.2,69.9,27.79,6660600
2021-11-15,72.4,69.0,71.1,70.2,27.9,6921500
2021-11-16,71.2,68.6,69.5,69.5,27.63,7236900
2021-11-17,74.3,70.8,71.8,74.3,29.53,12766000
2021-11-18,79.5,75.5,76.9,77.6,30.85,8718100
2021-11-19,78.2,72.2,78.0,75.0,29.81,12136300
2021-11-22,77.5,72.9,75.0,75.5,30.01,10407500
2021-11-23,80.7,74.8,75.6,80.7,32.08,7654100
2021-11-24,82.7,80.1,81.8,81.4,32.36,7413900
2021-11-25,82.9,80.1,81.1,81.1,32.24,6419000
2021-11-26,81.5,77.5,81.1,78.0,31.01,13255900
2021-11-29,80.5,76.4,77.0,79.9,31.76,6109100
2021-11-30,81.6,77.6,81.5,79.0,31.4,8465000
2021-12-01,79.0,77.0,78.7,78.0,31.01,7469100
2021-12-02,79.5,77.1,77.7,77.7,30.89,3741200
2021-12-03,78.5,73.0,78.4,73.0,29.02,8644700
2021-12-06,76.5,72.1,74.0,73.9,29.38,9022800
2021-12-07,75.6,73.1,75.4,74.7,29.69,4965200
2021-12-08,76.5,74.5,75.6,75.9,30.17,5058700
2021-12-09,79.9,75.1,75.4,79.9,31.76,5823000
2021-12-10,80.7,78.0,79.5,79.0,31.4,4585800
2021-12-13,81.0,78.1,79.4,80.5,32.0,8657000
2021-12-14,81.8,79.2,80.9,80.7,32.08,5637300
2021-12-15,81.2,79.0,80.6,79.0,31.4,4380800
2021-12-16,79.9,76.4,79.1,77.0,30.61,9756000
2021-12-17,80.0,76.5,77.6,80.0,31.8,10036400
2021-12-20,85.5,80.0,81.0,85.2,33.87,10568400
2021-12-21,86.3,84.2,85.6,84.8,33.71,5842600
2021-12-22,85.5,82.8,85.5,83.3,33.11,7315400
2021-12-23,83.0,78.0,82.5,78.8,31.32,12604600
2021-12-24,80.9,77.0,79.0,79.9,31.76,4563800
2021-12-27,82.4,80.0,81.1,80.0,31.8,3372200
2021-12-28,81.2,78.5,80.1,78.5,31.2,5572100
2021-12-29,80.3,77.2,78.3,79.0,31.4,4658000
2021-12-30,83.0,79.0,79.9,82.8,32.91,7051900
2021-12-31,83.8,81.4,83.8,82.0,32.6,3670100
2022-01-04,84.4,82.0,82.1,83.0,32.99,5138300
2022-01-05,84.8,82.1,83.0,82.1,32.64,6763000
2022-01-06,83.1,81.0,81.8,81.2,32.28,5635300
2022-01-07,81.7,79.7,80.5,80.0,31.8,6086000
2022-01-10,80.6,77.2,79.5,77.2,30.69,11309600
2022-01-11,79.0,73.0,79.0,73.0,29.02,9963500
2022-01-12,76.7,72.0,72.5,76.4,30.37,7979000
2022-01-13,77.4,72.2,76.9,72.9,28.98,6259200
2022-01-14,73.8,72.0,72.0,72.0,28.62,4470300
2022-01-17,72.4,67.0,72.0,67.0,26.63,15771000
2022-01-18,66.0,62.4,65.1,62.4,24.8,10178000
2022-01-19,66.0,63.7,64.5,63.8,25.36,4234400
2022-01-20,67.4,64.8,67.0,66.3,26.35,3383700
2022-01-21,67.7,65.7,67.7,65.8,26.16,3860700
2022-01-24,64.8,61.2,63.9,61.2,24.33,11116200
2022-01-25,63.0,59.1,60.6,62.7,24.92,4062100
2022-01-26,64.4,61.5,63.0,62.9,25.0,5724700
2022-01-27,66.8,62.1,62.4,65.0,25.84,5003900
2022-01-28,69.0,64.8,65.0,69.0,27.43,4930200
2022-02-07,71.8,69.2,69.8,70.4,27.98,4083400
2022-02-08,70.5,68.2,70.5,70.0,27.83,2848600
2022-02-09,72.9,69.5,70.0,72.0,28.62,7211700
2022-02-10,72.7,70.1,71.9,71.0,28.22,3439200
2022-02-11,72.2,70.2,70.6,71.5,28.42,4182500
2022-02-14,71.0,68.0,69.7,68.0,27.03,4817800
2022-02-15,70.6,67.5,69.0,70.3,27.94,4383500
2022-02-16,73.0,70.5,71.0,71.5,28.42,3158100
2022-02-17,71.9,70.7,71.5,71.1,28.26,4246600
2022-02-18,72.9,69.8,70.1,72.1,28.66,5772500
2022-02-21,76.0,72.5,72.6,75.1,29.85,5925400
2022-02-22,74.8,72.5,73.7,73.5,29.22,4735200
2022-02-23,74.9,73.8,74.1,74.4,29.57,2553300
2022-02-24,77.4,72.0,74.1,76.0,30.21,10087700
2022-02-25,81.0,76.6,77.0,78.1,31.05,11352100
2022-02-28,80.3,77.9,79.5,78.8,31.32,5989600
2022-03-01,79.7,77.8,79.2,78.5,31.2,6539700
2022-03-02,78.3,75.5,77.6,75.9,30.17,10093200
2022-03-03,76.9,75.1,76.3,76.8,30.53,4505700
2022-03-04,78.9,77.0,77.5,77.0,30.61,4930700
2022-03-07,77.5,76.0,76.3,76.1,30.25,7011081
2022-03-08,77.0,75.0,75.2,75.0,29.81,7650200
2022-03-09,75.7,73.5,75.4,73.5,29.22,11808600
2022-03-10,31.85,31.85,31.85,31.85,31.21,3292100
2022-03-11,34.05,32.5,34.05,32.5,31.84,32597700
2022-03-14,32.35,31.35,32.1,31.75,31.11,7352000
2022-03-15,33.55,31.75,31.9,32.6,31.94,8550700
2022-03-16,33.2,32.45,33.2,32.55,31.89,4868500
2022-03-17,33.0,32.0,33.0,32.1,31.45,6099500
2022-03-18,32.4,31.7,32.0,31.95,31.3,14105600
2022-03-21,32.3,31.7,32.05,32.0,31.35,7035100
2022-03-22,32.9,31.95,32.0,32.15,31.5,8155200
2022-03-23,32.5,31.85,32.2,31.95,31.3,6824800
2022-03-24,32.0,31.5,31.95,31.5,30.86,10048700
2022-03-25,31.8,31.0,31.3,31.1,30.47,8458900
2022-03-28,31.0,29.8,30.6,30.2,29.59,10102500
2022-03-29,31.25,30.5,30.9,30.9,30.28,5304000
2022-03-30,31.45,30.3,30.6,30.95,30.32,5877000
2022-03-31,31.25,30.3,31.1,30.5,29.88,4554400
2022-04-01,31.8,30.1,30.5,31.7,31.06,7846800
2022-04-04,33.9,32.35,32.4,33.9,33.22,28162500
2022-04-05,36.1,34.1,34.1,34.6,33.9,17035800
2022-04-06,36.0,34.0,34.0,35.5,34.78,18821500
2022-04-07,37.0,35.0,35.5,35.0,34.29,23236900
2022-04-08,36.0,34.55,35.0,35.1,34.39,17989300
2022-04-12,35.8,33.0,35.8,33.0,32.33,16606900
2022-04-13,35.3,31.8,33.1,35.3,34.59,16660500
2022-04-14,35.95,34.35,35.5,34.55,33.85,12340600
2022-04-15,35.25,33.5,34.2,33.7,33.02,12856200
2022-04-18,33.5,31.5,32.8,32.2,31.55,18699800
2022-04-19,33.05,30.0,32.3,30.0,29.39,15798700
2022-04-20,31.4,29.6,30.0,30.3,29.69,13758500
2022-04-21,32.4,30.1,30.3,32.35,31.7,14542000
2022-04-22,33.35,30.55,33.0,31.65,31.01,13201300
2022-04-25,32.15,29.45,31.65,29.45,28.86,16404800
2022-04-26,31.5,27.45,29.0,31.5,30.86,15523600
2022-04-27,31.75,30.55,31.0,31.2,30.57,7552600
2022-04-28,31.55,30.3,30.95,30.4,29.79,9707900
2022-04-29,31.4,30.05,30.15,31.0,30.37,10447700
2022-05-04,31.3,30.0,30.7,30.0,29.39,7952900
2022-05-05,30.6,28.65,30.45,29.0,28.41,10868100
2022-05-06,28.65,27.0,27.9,27.0,26.45,15452900
2022-05-09,26.4,25.15,25.8,25.15,24.64,14588800
2022-05-10,25.85,23.6,23.7,25.55,25.03,11674300
2022-05-11,25.9,24.85,25.6,25.3,24.79,4532300
2022-05-12,25.0,23.55,24.5,23.55,23.07,8089900
2022-05-13,23.7,21.95,23.5,21.95,21.51,17305000
2022-05-16,23.45,22.0,23.0,22.65,22.19,8471400
2022-05-17,24.2,21.9,22.45,24.2,23.71,8208600
2022-05-18,25.8,24.4,25.0,24.75,24.25,10785800
2022-05-19,25.4,23.9,24.0,25.2,24.69,8416700
2022-05-20,25.7,24.5,25.5,24.6,24.1,9335800
2022-05-23,24.85,22.9,24.8,23.3,22.83,10081200
2022-05-24,24.0,21.7,23.3,24.0,23.52,13598900
2022-05-25,25.2,23.9,24.0,24.8,24.3,9619600
2022-05-26,25.5,24.2,24.5,24.35,24.35,7946200
2022-05-27,24.95,24.0,24.35,24.45,24.45,8742300
2022-05-30,25.3,24.45,24.65,24.95,24.95,10663400
2022-05-31,25.7,24.6,25.0,25.25,25.25,10690200
2022-06-01,25.9,24.6,25.0,25.45,25.45,9111300
2022-06-02,25.95,24.6,25.5,24.85,24.85,10980100
2022-06-03,24.9,24.05,24.65,24.35,24.35,8604500
2022-06-06,25.0,23.95,24.25,24.1,24.1,6115400
2022-06-07,24.05,22.5,23.95,23.9,23.9,9660700
2022-06-08,25.2,23.85,24.35,24.7,24.7,8699500
2022-06-09,25.4,24.7,25.0,24.95,24.95,6611000
2022-06-10,24.9,24.0,24.6,24.0,24.0,6290000
2022-06-13,23.3,22.35,22.6,22.35,22.35,10702200
2022-06-14,22.3,20.8,21.5,20.9,20.9,10120400
2022-06-15,21.3,19.45,20.5,19.45,19.45,30743400
2022-06-16,20.0,18.1,19.95,18.15,18.15,26006500
2022-06-17,17.5,16.9,17.1,16.9,16.9,28721800
2022-06-20,17.65,15.75,17.45,15.75,15.75,29360800
2022-06-21,16.8,14.85,15.3,15.9,15.9,28567700
2022-06-22,17.0,16.4,16.55,17.0,17.0,25628400
2022-06-23,17.0,16.0,16.7,16.95,16.95,17076500
2022-06-24,17.85,16.65,16.85,17.2,17.2,27581800
2022-06-27,18.4,17.2,17.5,18.4,18.4,25199600
2022-06-28,18.9,18.1,18.4,18.3,18.3,23855900
2022-06-29,19.2,17.95,18.05,18.55,18.55,31059540
2022-06-30,19.1,17.4,18.6,17.4,17.4,32005300
2022-07-01,18.6,16.7,17.6,18.6,18.6,35630900
2022-07-04,19.7,18.85,19.05,19.2,19.2,27651500
2022-07-05,19.35,18.6,19.15,18.6,18.6,24719200
2022-07-06,18.65,17.6,18.0,17.6,17.6,29433800
2022-07-07,18.0,17.15,17.55,17.7,17.7,21112600
2022-07-08,18.6,18.0,18.05,18.35,18.35,23575000
2022-07-11,18.9,17.5,18.25,17.85,17.85,19432000
2022-07-12,18.5,17.7,17.85,18.3,18.3,20335500
2022-07-13,18.85,18.2,18.4,18.5,18.5,23015300
2022-07-14,19.5,18.1,18.2,19.3,19.3,30892100
2022-07-15,19.65,18.9,19.45,18.9,18.9,22697400
2022-07-18,19.35,18.9,19.15,19.0,19.0,19723900
2022-07-19,19.1,18.4,18.8,18.75,18.75,22450900
2022-07-20,19.65,19.0,19.15,19.2,19.2,23701000
2022-07-21,19.55,19.1,19.2,19.15,19.15,16010200
2022-07-22,19.4,18.95,19.25,18.95,18.95,15427200
2022-07-25,19.2,18.4,18.7,18.75,18.75,14915300
2022-07-26,18.95,18.2,18.9,18.2,18.2,14054700
2022-07-27,18.3,17.8,18.05,18.2,18.2,18093040
2022-07-28,19.15,18.4,18.7,18.85,18.85,17149900
2022-07-29,19.4,18.8,19.0,19.1,19.1,26439400
2022-08-01,20.4,19.2,19.25,20.4,20.4,42530300
2022-08-02,21.3,20.45,20.5,20.75,20.75,31411800
2022-08-03,21.2,20.45,20.5,21.15,21.15,27344800
2022-08-04,21.6,20.85,21.4,21.2,21.2,29973600
2022-08-05,22.35,20.9,21.0,22.0,22.0,28980600
2022-08-08,22.3,21.85,22.1,22.15,22.15,23484200
2022-08-09,22.7,21.8,22.1,22.55,22.55,21898700
2022-08-10,22.7,22.15,22.25,22.2,22.2,21196600
2022-08-11,22.9,21.65,22.5,21.95,21.95,37946100
2022-08-12,22.6,21.7,21.85,22.5,22.5,21203000
2022-08-15,22.85,22.3,22.8,22.45,22.45,15942400
2022-08-16,22.7,22.15,22.4,22.45,22.45,19915800
2022-08-17,22.75,22.1,22.6,22.25,22.25,20985900
2022-08-18,22.95,22.1,22.1,22.5,22.5,22423200
2022-08-19,22.9,22.3,22.45,22.65,22.65,15429100
2022-08-22,22.95,22.1,22.6,22.2,22.2,19927200
2022-08-23,22.75,21.7,22.0,22.75,22.75,25373000
2022-08-24,22.9,22.5,22.85,22.6,22.6,14780900
2022-08-25,23.3,22.7,22.7,22.95,22.95,20642700
2022-08-26,23.0,22.25,22.95,22.4,22.4,20479200
2022-08-29,22.2,20.9,21.85,22.2,22.2,37942300
2022-08-30,22.55,21.7,22.45,21.7,21.7,13185700
2022-08-31,21.9,21.35,21.5,21.7,21.7,11983700
2022-09-05,21.85,21.4,21.6,21.4,21.4,12898200
2022-09-06,21.75,21.35,21.65,21.4,21.4,10989800
2022-09-07,21.6,20.0,21.4,20.0,20.0,28335800
2022-09-08,20.5,19.85,20.4,20.0,20.0,14944200
2022-09-09,20.4,19.35,20.35,20.4,20.4,17991400
2022-09-12,20.85,20.05,20.8,20.1,20.1,10657101
2022-09-13,20.25,19.55,20.15,19.85,19.85,14810300
2022-09-14,20.1,19.1,19.1,20.0,20.0,22127700
2022-09-15,20.25,19.75,20.2,19.8,19.8,7684400
2022-09-16,19.8,19.0,19.7,19.0,19.0,23557600
2022-09-19,19.1,17.85,19.1,17.85,17.85,20706901
2022-09-20,18.8,17.85,18.0,18.8,18.8,16307400
2022-09-21,18.9,18.3,18.5,18.5,18.5,10544400
2022-09-22,19.1,18.2,18.25,19.0,19.0,18167300
2022-09-23,19.2,18.5,18.95,18.55,18.55,15980400
2022-09-26,18.3,17.3,18.05,17.45,17.45,29050100
2022-09-27,17.75,17.35,17.6,17.5,17.5,13434400
2022-09-28,18.2,17.4,17.5,17.8,17.8,19715300
2022-09-29,18.3,17.4,18.3,17.4,17.4,12162200
2022-09-30,17.7,16.4,17.4,17.5,17.5,22042300
2022-10-03,17.35,16.3,17.2,16.3,16.3,15967100
2022-10-04,16.8,15.4,16.7,15.4,15.4,20089800
2022-10-05,16.45,15.8,15.8,16.4,16.4,12876800
2022-10-06,16.4,15.3,16.35,15.3,15.3,14379500
2022-10-07,15.1,14.25,14.6,14.25,14.25,30794400
2022-10-10,14.85,13.45,13.9,14.65,14.65,19678300
2022-10-11,14.6,13.65,14.5,13.65,13.65,15461100
2022-10-12,14.5,13.3,13.55,13.95,13.95,25606000
2022-10-13,14.3,13.8,13.85,13.9,13.9,10544700
2022-10-14,14.85,14.2,14.4,14.5,14.5,26019100
2022-10-17,14.5,13.8,14.3,14.5,14.5,16009820
2022-10-18,15.15,14.6,14.85,14.6,14.6,20898500
2022-10-19,14.9,14.4,14.6,14.55,14.55,14045000
2022-10-20,14.6,14.05,14.5,14.15,14.15,11010800
2022-10-21,14.2,13.2,14.05,13.2,13.2,25296000


